载具ID,名称,运输类型,分组字段原值,机头图片,车厢图片,客位编码原值,货位编码原值
1,北京客运型,客运型,2,t_0102.png,,1,0
2,北京货运型,货运型,2,t_0102.png,,0,1
3,韶山3客运型,客运型,5,t_030405.png,,2,0
4,韶山3货运型,货运型,5,t_030405.png,,0,2
5,韶山3货客型,客货混合型,5,t_030405.png,,1,1
6,韶山1型客运型,客运型,6,t_0607.png,,1,0
7,韶山1型货运型,货运型,6,t_0607.png,,0,1
8,东风4b客运型,客运型,10,t_080910.png,,2,0
9,东风4b货运型,货运型,10,t_080910.png,,0,2
10,东风4b客货型,客货混合型,10,t_080910.png,,1,1
11,东风6客运型,客运型,11,t_1112.png,,1,0
12,东风6货运型,货运型,11,t_1112.png,,0,1
13,DJ1型客运型,客运型,15,t_131415.png,,3,0
14,DJ1型货运型,货运型,15,t_131415.png,,0,3
15,DJ1型客货型,客货混合型,15,t_131415.png,,2,1
16,东风11G客运型,客运型,18,t_161718.png,,3,0
17,东风11G货运型,货运型,18,t_161718.png,,0,3
18,东风11G客货型,客货混合型,18,t_161718.png,,1,2
19,韶山7客运型,客运型,21,t_192021.png,,4,0
20,韶山7货运型,货运型,21,t_192021.png,,0,4
21,韶山7客货型,客货混合型,21,t_192021.png,,2,2
22,北亚客运型,客运型,24,t_222324.png,,3,0
23,北亚货运型,货运型,24,t_222324.png,,0,3
24,北亚客货型,客货混合型,24,t_222324.png,,1,2
25,韶山9客运型,客运型,27,t_252627.png,,4,0
26,韶山9货运型,货运型,27,t_252627.png,,0,4
27,韶山9客货型,客货混合型,27,t_252627.png,,2,2
28,蓝箭客运型,客运型,30,t_282930.png,,3,0
29,蓝箭货运型,货运型,30,t_282930.png,,0,3
30,蓝箭客货型,客货混合型,30,t_282930.png,,2,1
31,长白山客运型,客运型,33,t_313233.png,,5,0
32,长白山货运型,货运型,33,t_313233.png,,0,5
33,长白山客货型,客货混合型,33,t_313233.png,,3,2
34,DJ2客运型,客运型,36,t_343536.png,,6,0
35,DJ2货运型,货运型,36,t_343536.png,,0,6
36,DJ2客货两用型,客货混合型,36,t_343536.png,,3,3
37,中华之星客运型,客运型,39,t_373839.png,,8,0
38,中华之星货运型,货运型,39,t_373839.png,,0,8
39,中华之星客货型,客货混合型,39,t_373839.png,,4,4
40,和谐CRH1客运型,客运型,42,t_404142.png,,10,0
41,和谐CRH1货运型,货运型,42,t_404142.png,,0,10
42,和谐CRH1客货型,客货混合型,42,t_404142.png,,5,5
43,和谐CRH2客运型,客运型,45,t_434445.png,x_434445.png,10,0
44,和谐CRH2货运型,货运型,45,t_434445.png,x_434445.png,0,10
45,和谐CRH2客货型,客货混合型,45,t_434445.png,x_434445.png,5,5
46,和谐CRH3客运型,客运型,48,t_464748.png,x_464748.png,12,0
47,和谐CRH3货运型,货运型,48,t_464748.png,x_464748.png,0,12
48,和谐CRH3客货型,客货混合型,48,t_464748.png,x_464748.png,6,6
49,磁悬浮客运型,客运型,51,t_495051.png,x_495051.png,17,0
50,磁悬浮货运型,货运型,51,t_495051.png,x_495051.png,0,17
51,磁悬浮客货型,客货混合型,51,t_495051.png,x_495051.png,9,8
52,宇通巴士客运型,客运型,52,t_52.png,,3,0
53,松花江货运型,货运型,53,t_53.png,,0,1
54,tank坦克货运型,货运型,54,t_54.png,,0,1
55,劳斯莱斯客运型,客运型,55,t_55.png,,1,0
56,蒸汽车客货型,客货混合型,56,t_56.png,,2,2
57,飞艇客货型,客货混合型,57,t_57.png,,2,3
58,md400客货型,客货混合型,58,t_58.png,,2,3
59,欧洲野牛客货型,客货混合型,59,t_59.png,,5,5
60,寰宇客货运飞船,客货混合型,60,t_60.png,,4,4
61,欧洲野牛客运型,客运型,59,t_59.png,,10,0
62,欧洲野牛货运型,货运型,59,t_59.png,,0,10
63,mini野牛客货型,客货混合型,63,t_63.png,,4,4
64,mini野牛客运型,客运型,63,t_63.png,,8,0
65,mini野牛货运型,货运型,63,t_63.png,,0,8
100,直升机货运型,货运型,101,t_100101.png,,0,6
101,直升机客货型,客货混合型,101,t_100101.png,,3,3
102,厢式卡车客货型,客货混合型,102,t_102.png,,3,3
103,航天飞机客运型,客运型,103,t_103104.png,,6,0
104,航天飞机客货型,客货混合型,103,t_103104.png,,3,3
107,南瓜车客货型,客货混合型,107,t_107.png,,3,3
108,公主车客货型,客货混合型,108,t_108.png,,2,2
200,苏联TE10货运型,货运型,201,t_200201.png,,0,5
201,苏联TE10客货型,客货混合型,201,t_200201.png,,2,3
202,EMDE8客运型,客运型,303,t_202203.png,,4,0
203,EMDE8客货型,客货混合型,303,t_202203.png,,2,2
204,NJ2客运型,客运型,206,t_204205206.png,x_204205206.png,9,0
205,NJ2货运型,货运型,206,t_204205206.png,x_204205206.png,0,9
206,NJ2客货型,客货混合型,206,t_204205206.png,x_204205206.png,5,4
207,EMDD40货运型,货运型,208,t_207208.png,,0,6
208,EMDD40客货型,客货混合型,208,t_207208.png,,3,3
209,E200客运型,客运型,210,t_209210.png,,7,0
210,E200客货型,客货混合型,210,t_209210.png,,4,3
214,人民型货运型,货运型,215,t_214215.png,,0,7
215,人民型客货型,客货混合型,215,t_214215.png,,3,4
218,Aerotrain客运型,客运型,219,t_218219.png,,7,0
219,Aerotrain客货型,客货混合型,219,t_218219.png,,4,3
221,法国TGV客运型,客运型,223,t_221222223.png,,8,0
222,法国TGV货运型,货运型,223,t_221222223.png,,0,8
223,法国TGV客货型,客货混合型,223,t_221222223.png,,4,4
224,新干线E4客运型,客运型,226,t_224225226.png,x_224225226.png,12,0
225,新干线E4货运型,货运型,226,t_224225226.png,x_224225226.png,0,12
226,新干线E4客货型,客货混合型,226,t_224225226.png,x_224225226.png,6,6
227,RABE514客运型,客运型,229,t_227228229.png,x_227228229.png,11,0
228,RABE514货运型,货运型,229,t_227228229.png,x_227228229.png,0,11
229,RABE514客货型,客货混合型,229,t_227228229.png,x_227228229.png,6,5
230,法国AGV客运型,客运型,232,t_230231232.png,x_230231232.png,14,0
231,法国AGV货运型,货运型,232,t_230231232.png,x_230231232.png,0,14
232,法国AGV客货型,客货混合型,232,t_230231232.png,x_230231232.png,7,7
233,欧亚之星客运型,客运型,235,t_233234235.png,x_233234235.png,15,0
234,欧亚之星货运型,货运型,235,t_233234235.png,x_233234235.png,0,15
235,欧亚之星客货型,客货混合型,235,t_233234235.png,x_233234235.png,8,7
238,韶山8客货运型,客货混合型,238,t_238.png,x_238.png,2,2
239,韶山7E客货运型,客货混合型,239,t_239.png,x_239.png,3,2
240,DJ4客货运型,客货混合型,240,t_240.png,x_240.png,3,2
241,神州客货运型,客货混合型,241,t_241.png,x_241.png,4,3
242,CRH5客货运型,客货混合型,242,t_242.png,x_242.png,6,6
243,CRH5货运型,货运型,242,t_242.png,x_242.png,0,12
244,CRH380A客货型,客货混合型,244,t_244245.png,x_244245.png,5,5
245,CRH380A货运型,货运型,244,t_244245.png,x_244245.png,0,10
246,神州货运型,货运型,241,t_241.png,x_241.png,0,7
247,DJ4货运型,货运型,240,t_240.png,x_240.png,0,5
248,韶山7E货运型,货运型,239,t_239.png,x_239.png,0,5
249,韶山8货运型,货运型,238,t_238.png,x_238.png,0,4
250,E200货运型,货运型,210,t_209210.png,,0,7
251,Aerotrain货运型,货运型,219,t_218219.png,,0,7
252,EMDE8货运型,货运型,303,t_202203.png,,0,4
253,大男孩客运型,客运型,255,t_253254255.png,x_253254255.png,5,0
254,大男孩货运型,货运型,255,t_253254255.png,x_253254255.png,0,5
255,大男孩客货型,客货混合型,255,t_253254255.png,x_253254255.png,2,3
256,运20实验客货机,客货混合型,256,t_256.png,,4,4
257,M497客货运型,客货混合型,257,t_257.png,x_257.png,4,4
258,美食火车单节版,客运型,258,t_258.png,,1,0
259,美食火车双节版,客货混合型,259,t_259.png,,1,2
266,CRH3红旗客运型,客运型,268,t_266267268.png,x_266267268.png,12,0
267,CRH3红旗货运版,货运型,268,t_266267268.png,x_266267268.png,0,12
268,CRH3红旗客货型,客货混合型,268,t_266267268.png,x_266267268.png,6,6
269,TGV熊猫客运型,客运型,271,t_269270271.png,x_269270271.png,8,0
270,TGV熊猫货运型,货运型,271,t_269270271.png,x_269270271.png,0,8
271,TGV熊猫客货型,客货混合型,271,t_269270271.png,x_269270271.png,4,4
272,神州万圣节客货,客货混合型,272,t_272.png,x_272.png,4,3
273,神州万圣节货运,货运型,272,t_272.png,x_272.png,0,7
274,运20列装客货机,客货混合型,256,t_274.png,,4,4
275,美食火车四节客货型,客货混合型,275,t_275.png,x_275.png,3,4
276,野鸭号客货型,客货混合型,276,t_276.png,x_276.png,3,2
277,庐山号客货型,客货混合型,277,t_277.png,x_277.png,5,5
278,木星客货型,客货混合型,278,t_278.png,x_278.png,2,2
279,M497客运型,客运型,257,t_257.png,x_257.png,8,0
280,M497货运型,货运型,257,t_257.png,x_257.png,0,8
281,英铁220客运型,客运型,283,t_281282283.png,,9,0
282,英铁220货运型,货运型,283,t_281282283.png,,0,9
283,英铁220客货型,客货混合型,283,t_281282283.png,,4,5
284,GE_p42D客货型,客货混合型,284,t_284.png,x_284.png,5,5
285,庐山圣诞客货型,客货混合型,285,t_285.png,x_285.png,5,5
286,TRAXX客货型,客货混合型,286,t_286.png,x_286.png,2,3
287,大黄鸭客货型,客货混合型,287,t_287.png,,1,2
288,NZJ1型客运型,客运型,290,t_288289290.png,x_288289290.png,12,0
289,NZJ1型货运型,货运型,290,t_288289290.png,x_288289290.png,0,12
290,NZJ1型客货型,客货混合型,290,t_288289290.png,x_288289290.png,6,6
291,TMST春节客货型,客货混合型,291,t_291.png,x_291.png,6,6
292,NZJ1春节客货型,客货混合型,292,t_292.png,x_292.png,6,6
293,JR磁悬浮客货型,客货混合型,293,t_293.png,x_293.png,8,9
294,NZJ1春节客运型,客运型,292,t_292.png,x_292.png,12,0
295,NZJ1春节货运型,货运型,292,t_292.png,x_292.png,0,12
296,NJ2春节客货型,客货混合型,296,t_296.png,x_296.png,5,4
297,韩国KTX客运型,客运型,299,t_297298299.png,x_297298299.png,12,0
298,韩国KTX货运型,货运型,299,t_297298299.png,x_297298299.png,0,12
299,韩国KTX客货型,客货混合型,299,t_297298299.png,x_297298299.png,6,6
300,CRH380A客运型,客运型,244,t_244245.png,x_244245.png,10,0
301,运20元宵客货机,客货混合型,256,t_301.png,,4,4
302,英铁43客货型,客货混合型,302,t_302.png,x_302.png,2,3
303,KihaE200客货型,客货混合型,303,t_303.png,x_303.png,5,4
304,新干线300客货型,客货混合型,304,t_304.png,x_304.png,8,7
305,圣诞版AVE客运型,客运型,307,t_305306307.png,x_305306307.png,12,0
306,圣诞版AVE货运型,货运型,307,t_305306307.png,x_305306307.png,0,12
307,圣诞版AVE客货运型,客货混合型,307,t_305306307.png,x_305306307.png,6,6
308,英铁47型柴油机车客货型,客货混合型,308,t_308.png,,2,2
309,德铁103电力客货型,客货混合型,309,t_309.png,x_309.png,3,3
310,Alco_PA_1柴油机车客货型,客货混合型,310,t_310.png,x_310.png,2,2
311,德国Class1020电力机车客运型,客运型,313,t_311312313.png,x_311312313.png,4,0
312,德国Class1020电力机车货运型,货运型,313,t_311312313.png,x_311312313.png,0,4
313,德国Class1020电力机车客货型,客货混合型,313,t_311312313.png,x_311312313.png,2,2
314,Regina电力客运型,客运型,316,t_314315316.png,x_314315316.png,10,0
315,Regina电力货运型,货运型,316,t_314315316.png,x_314315316.png,0,10
316,Regina电力客货型,客货混合型,316,t_314315316.png,x_314315316.png,5,5
317,环球8000客运型,客运型,319,t_317318319.png,,12,0
318,环球8000货运型,货运型,319,t_317318319.png,,0,12
319,环球8000客货型,客货混合型,319,t_317318319.png,,6,6
320,欧洲之星客货型,客货混合型,320,t_320.png,x_320.png,6,6
321,新干线猫耳朵客货型,客货混合型,321,t_321.png,x_321.png,6,6
322,和谐号CRH6客货型,客货混合型,322,t_322.png,x_322.png,7,7
323,和谐号CRH6客型,客运型,322,t_322.png,x_322.png,14,0
324,和谐号CRH6货型,货运型,322,t_322.png,x_322.png,0,14
325,新干线猫耳朵客型,客运型,321,t_321.png,x_321.png,12,0
326,新干线猫耳朵货型,货运型,321,t_321.png,x_321.png,0,12
327,欧洲之星客型,客运型,320,t_320.png,x_320.png,12,0
328,欧洲之星货型,货运型,320,t_320.png,x_320.png,0,12
329,大白鲨系列客货型,客货混合型,329,t_329330331.png,x_329330331.png,6,6
330,大白鲨系列客运型,客运型,329,t_329330331.png,x_329330331.png,12,0
331,大白鲨系列货运型,货运型,329,t_329330331.png,x_329330331.png,0,12
332,B24远程轰炸机客货型,客货混合型,332,t_332.png,,2,2
333,图2远程轰炸机客货型,客货混合型,333,t_333.png,,3,3
334,轰6远程轰炸机客货型,客货混合型,334,t_334.png,,8,7
335,图22烈火轰炸机客货型,客货混合型,335,t_335.png,,8,8
336,美国MP36PH_3S客运型,客运型,338,t_336337338.png,x_336337338.png,13,0
337,美国MP36PH_3S货运型,货运型,338,t_336337338.png,x_336337338.png,0,13
338,美国MP36PH_3S客货型,客货混合型,338,t_336337338.png,x_336337338.png,7,6
339,KTX五一客型,客运型,341,t_339340341.png,x_339340341.png,9,0
340,KTX五一货型,货运型,341,t_339340341.png,x_339340341.png,0,9
341,KTX五一客货,客货混合型,341,t_339340341.png,x_339340341.png,5,4
344,庐山号客运型,客运型,277,t_277.png,,10,0
345,庐山号货运型,货运型,277,t_277.png,,0,10
354,ICE-3客货型,客货混合型,354,t_354.png,x_354.png,7,7
355,韩国HEMU-430X客货型,客货混合型,355,t_355.png,x_355.png,6,7
356,英铁90型电机客货型,客货混合型,356,t_356.png,x_356.png,4,4
357,Russia One机车客货型,客货混合型,357,t_357.png,x_357.png,8,7
358,Kiha281柴油动车客货型,客货混合型,358,t_358.png,x_358.png,4,5
363,美国P42DC柴电机车客货型,客货混合型,363,t_363.png,x_363.png,7,6
370,陆地巡洋舰装甲列车客运型,客运型,372,t_370371372.png,x_370371372.png,14,0
371,陆地巡洋舰装甲列车货运型,货运型,372,t_370371372.png,x_370371372.png,0,14
372,陆地巡洋舰装甲列车客货运型,客货混合型,372,t_370371372.png,x_370371372.png,7,7
373,企业号宇宙战舰客运型,客运型,375,t_373374375.png,,8,0
374,企业号宇宙战舰货运型,货运型,375,t_373374375.png,,0,8
375,企业号宇宙战舰客货运型,客货混合型,375,t_373374375.png,,4,4
376,DD磁悬浮红旗版客运型,客运型,378,t_376377378.png,x_376377378.png,17,0
377,DD磁悬浮红旗版货运型,货运型,378,t_376377378.png,x_376377378.png,0,17
378,DD磁悬浮红旗版客货型,客货混合型,378,t_376377378.png,x_376377378.png,9,8
379,MPIMPXpress柴电机车客运型,客运型,381,t_379380381.png,x_379380381.png,13,0
380,MPIMPXpress柴电机车货运型,货运型,381,t_379380381.png,x_379380381.png,0,13
381,MPIMPXpress柴电机车客货型,客货混合型,381,t_379380381.png,x_379380381.png,5,8
382,宾夕法尼亚GG1电力机车客货型,客货混合型,382,t_382.png,x_382.png,3,3
383,德国ICE-1客货型,客货混合型,383,t_383.png,x_383.png,6,5
388,DD磁悬浮八一涂装版客货型,客货混合型,388,t_388389.png,x_388389.png,9,8
389,DD磁悬浮八一涂装版货型,货运型,388,t_388389.png,x_388389.png,0,17
391,轰六中型轰炸机客货运型,客货混合型,391,t_391392.png,,7,8
392,轰六中型轰炸机货运型,货运型,391,t_391392.png,,0,15
394,Italo伊塔洛客货型,客货混合型,394,t_394.png,x_394.png,7,7
397,运8运输机客货型,客货混合型,397,t_397.png,,6,6
400,美国Acela客货型,客货混合型,400,t_400.png,x_400.png,5,5
410,XC36客运型,客运型,412,t_410411412.png,x_410411412.png,10,0
411,XC36货运型,货运型,412,t_410411412.png,x_410411412.png,0,10
412,XC36客货型,客货混合型,412,t_410411412.png,x_410411412.png,5,5
413,小田急7000客货型,客货混合型,413,t_413.png,x_413.png,7,6
414,庞巴迪TALENT客货型,客货混合型,414,t_414.png,x_414.png,7,7
415,JR500电力机车客货型,客货混合型,415,t_415.png,x_415.png,8,7
416,台铁TEMU2000客货型机车,客货混合型,416,t_416.png,x_416.png,8,8
417,CKD9B柴油机车客型,客运型,419,t_417148149.png,x_417148149.png,10,0
418,CKD9B柴油机车货型,货运型,419,t_417148149.png,x_417148149.png,0,10
419,CKD9B柴油机车客货型,客货混合型,419,t_417148149.png,x_417148149.png,5,5
420,欧洲之星美洲版客型,客运型,422,t_420421422.png,x_420421422.png,11,0
421,欧洲之星美洲版货型,货运型,422,t_420421422.png,x_420421422.png,0,11
422,欧洲之星美洲版客货型,客货混合型,422,t_420421422.png,x_420421422.png,5,6
423,英铁374电力动车客运,客运型,425,t_423424425.png,x_423424425.png,13,0
424,英铁374电力动车货运,货运型,425,t_423424425.png,x_423424425.png,0,13
425,英铁374电力动车客货运,客货混合型,425,t_423424425.png,x_423424425.png,6,7
426,图4轰炸机客货型,客货混合型,426,t_426.png,,8,7
427,CIT500客货型,客货混合型,427,t_427.png,x_427.png,6,7
428,新干线Win350客货型,客货混合型,428,t_428.png,x_428.png,7,7
429,春城号客货型,客货混合型,429,t_429.png,x_429.png,8,8
430,轰5轰炸机客型,客运型,432,t_430431432.png,,11,0
431,轰5轰炸机货型,货运型,432,t_430431432.png,,0,11
432,轰5轰炸机客货型,客货混合型,432,t_430431432.png,,6,5
433,HXN5型抗战纪念客货型,客货混合型,433,t_433.png,x_433.png,8,8
438,新干线E7客货型,客货混合型,438,t_438.png,x_438.png,7,7
439,晋龙号中秋版客货型,客货混合型,439,t_439440441.png,x_439440441.png,6,6
440,晋龙号中秋版纯客型,客运型,439,t_439440441.png,x_439440441.png,12,0
441,晋龙号中秋版纯货型,货运型,439,t_439440441.png,x_439440441.png,0,12
442,中原之星国庆版客货型,客货混合型,442,t_442443444.png,x_442443444.png,7,7
443,中原之星国庆版纯客型,客运型,442,t_442443444.png,x_442443444.png,14,0
444,中原之星国庆版纯货型,货运型,442,t_442443444.png,x_442443444.png,0,14
445,ETS动车客货型,客货混合型,445,t_445.png,x_445.png,8,8
446,水星号客货型,客货混合型,446,t_446447.png,x_446447.png,8,8
447,水星号客运型,客运型,446,t_446447.png,x_446447.png,16,0
448,小田急7000客运型,客运型,413,t_413.png,x_413.png,13,0
449,小田急7000货运型,货运型,413,t_413.png,x_413.png,0,13
450,英铁90型电机客运型,客运型,356,t_356.png,x_356.png,8,0
451,英铁90型电机货运型,货运型,356,t_356.png,x_356.png,0,8
452,特急Rapi.t新吉恩版客货型,客货混合型,452,t_452.png,x_452.png,8,8
453,日本国铁机器猫客型,客运型,455,t_453454455.png,x_453454455.png,13,0
454,日本国铁机器猫货型,货运型,455,t_453454455.png,x_453454455.png,0,13
455,日本国铁机器猫客货型,客货混合型,455,t_453454455.png,x_453454455.png,6,7
456,嗨贼狗头版客货型,客货混合型,456,t_456.png,x_456.png,3,2
457,寰宇之星国旗版客货型,客货混合型,457,t_457.png,,4,4
458,ETS圣诞版客型,客运型,460,t_458459460.png,x_458459460.png,14,0
459,ETS圣诞版货型,货运型,460,t_458459460.png,x_458459460.png,0,14
460,ETS圣诞版客货型,客货混合型,460,t_458459460.png,x_458459460.png,7,7
461,JR九州787特急客货型 ,客货混合型,461,t_461.png,x_461.png,9,9
462,意大利客货型,客货混合型,462,t_462.png,x_462.png,8,9
463,CRH5玫瑰号客货型,客货混合型,463,t_463.png,x_463.png,8,8
464,小田急元宵涂装客货型,客货混合型,464,t_464.png,x_464.png,7,7
465,HXN5型抗战纪念客型,客运型,433,t_433.png,x_433.png,16,0
466,HXN5型抗战纪念货型,货运型,433,t_433.png,x_433.png,0,16
467,JR九州787特急客型 ,客运型,461,t_461.png,x_461.png,18,0
468,JR九州787特急货型 ,货运型,461,t_461.png,x_461.png,0,18
469,春城号猴年新春版客型,客运型,471,t_469470471.png,x_469470471.png,13,0
470,春城号猴年新春版货型,货运型,471,t_469470471.png,x_469470471.png,0,13
471,春城号猴年新春版客货型,客货混合型,471,t_469470471.png,x_469470471.png,6,7
472,窜天猴吉祥号客运型,客运型,474,t_472473474.png,x_472473474.png,14,0
473,窜天猴吉祥号货运型,货运型,474,t_472473474.png,x_472473474.png,0,14
474,窜天猴吉祥号客货型,客货混合型,474,t_472473474.png,x_472473474.png,7,7
475,岛风近铁电车客货型,客货混合型,475,t_475.png,x_475.png,8,8
476,HXN5型内燃机车客型,客运型,478,t_476477478.png,x_476477478.png,14,0
477,HXN5型内燃机车货型,货运型,478,t_476477478.png,x_476477478.png,0,14
478,HXN5型内燃机车客货型,客货混合型,478,t_476477478.png,x_476477478.png,7,7
479,SJ2000客型,客运型,481,t_479480481.png,x_479480481.png,15,0
480,SJ2000货型,货运型,481,t_479480481.png,x_479480481.png,0,15
481,SJ2000客货型,客货混合型,481,t_479480481.png,x_479480481.png,8,7
482,晋龙号客型,客运型,484,t_482483484.png,x_482483484.png,14,0
483,晋龙号货型,货运型,484,t_482483484.png,x_482483484.png,0,14
484,晋龙号客货型,客货混合型,484,t_482483484.png,x_482483484.png,7,7
485,中原之星客型,客运型,487,t_485486487.png,x_485486487.png,12,0
486,中原之星货型,货运型,487,t_485486487.png,x_485486487.png,0,12
487,中原之星客货型,客货混合型,487,t_485486487.png,x_485486487.png,6,6
488,由布院之森客货型,客货混合型,488,t_488.png,x_488.png,8,8
489,甲铁城蒸汽列车客型,客运型,491,t_489490491.png,x_489490491.png,14,0
490,甲铁城蒸汽列车货型,货运型,491,t_489490491.png,x_489490491.png,0,14
491,甲铁城蒸汽列车客货型,客货混合型,491,t_489490491.png,x_489490491.png,7,7
492,意大利ETR500客型,客运型,494,t_492493494.png,x_492493494.png,12,0
493,意大利ETR500货型,货运型,494,t_492493494.png,x_492493494.png,0,12
494,意大利ETR500客货型,客货混合型,494,t_492493494.png,x_492493494.png,6,6
495,CR400AF奥运涂装客型,客运型,497,t_495496497.png,x_495496497.png,14,0
496,CR400AF奥运涂装货型,货运型,497,t_495496497.png,x_495496497.png,0,14
497,CR400AF奥运涂装客货型,客货混合型,497,t_495496497.png,x_495496497.png,7,7
498,CR400AF八一涂装客运型,客运型,500,t_498499550.png,x_498499550.png,13,0
499,CR400AF八一涂装货运型,货运型,500,t_498499550.png,x_498499550.png,0,13
500,CR400AF八一涂装客货型,客货混合型,500,t_498499550.png,x_498499550.png,7,6
501,狗头版客货型,客货混合型,501,t_501.png,x_501.png,4,3
502,新干线EVA客货型,客货混合型,502,t_502.png,x_502.png,8,9
503,ITX新村号客货型,客货混合型,503,t_503.png,x_503.png,7,7
506,CR400AF中秋月涂装客货型,客货混合型,406,t_504505506.png,x_504505506.png,8,8
507,CR400BF国庆涂装客运型,客运型,509,t_507508509.png,x_507508509.png,16,0
508,CR400BF国庆涂装货运型,货运型,509,t_507508509.png,x_507508509.png,0,16
509,CR400BF国庆涂装客货型,客货混合型,509,t_507508509.png,x_507508509.png,8,8
510,CR400AF客型,客运型,512,t_510511512.png,x_510511512.png,14,0
511,CR400AF货型,货运型,512,t_510511512.png,x_510511512.png,0,14
512,CR400AF客货型,客货混合型,512,t_510511512.png,x_510511512.png,7,7
513,CR400AF万圣节客型,客运型,515,t_513514515.png,x_513514515.png,14,0
514,CR400AF万圣节货型,货运型,515,t_513514515.png,x_513514515.png,0,14
515,CR400AF万圣节客货型,客货混合型,515,t_513514515.png,x_513514515.png,7,7
516,CR400AF圣诞节客型,客运型,518,t_516517518.png,x_516517518.png,15,0
517,CR400AF圣诞节货型,货运型,518,t_516517518.png,x_516517518.png,0,15
518,CR400AF圣诞节客货型,客货混合型,518,t_516517518.png,x_516517518.png,8,7
519,CR400BF客货型,客货混合型,519,t_519.png,x_519.png,8,7
520,CR400AF春节涂装客型,客运型,522,t_520521522.png,,14,0
521,CR400AF春节涂装货型,货运型,522,t_520521522.png,,0,14
522,CR400AF春节涂装客货型,客货混合型,522,t_520521522.png,,7,7
523,2017生肖涂装客型,客运型,525,t_523524525.png,,16,0
524,2017生肖涂装货型,货运型,525,t_523524525.png,,0,16
525,2017生肖涂装客货型,客货混合型,525,t_523524525.png,,8,8
526,德国TR-09客型,客运型,528,t_526527528.png,x_526527528.png,14,0
527,德国TR-09货型,货运型,528,t_526527528.png,x_526527528.png,0,14
528,德国TR-09客货型,客货混合型,528,t_526527528.png,x_526527528.png,7,7
529,英铁Class395客运型,客运型,531,t_529530531.png,x_529530531.png,16,0
530,英铁Class395货运型,货运型,531,t_529530531.png,x_529530531.png,0,16
531,英铁Class395客货型,客货混合型,531,t_529530531.png,x_529530531.png,8,8
532,晋龙号劳动节涂装客运型,客运型,534,t_532533534.png,x_532533534.png,14,0
533,晋龙号劳动节涂装货运型,货运型,534,t_532533534.png,x_532533534.png,0,14
534,晋龙号劳动节涂装客货型,客货混合型,534,t_532533534.png,x_532533534.png,7,7
535,CRH2-2296动车组客运型,客运型,537,t_535536537.png,x_535536537.png,17,0
536,CRH2-2296动车组货运型,货运型,537,t_535536537.png,x_535536537.png,0,17
537,CRH2-2296动车组客货型,客货混合型,537,t_535536537.png,x_535536537.png,9,8
538,新干线E3客运型,客运型,540,t_538539540.png,x_538539540.png,16,0
539,新干线E3货运型,货运型,540,t_538539540.png,x_538539540.png,0,16
540,新干线E3客货型,客货混合型,540,t_538539540.png,x_538539540.png,8,8
541,CR400BF八一涂装客运型,客运型,543,t_541542543.png,x_541542543.png,16,0
542,CR400BF八一涂装货运型,货运型,543,t_541542543.png,x_541542543.png,0,16
543,CR400BF八一涂装客货型,客货混合型,543,t_541542543.png,x_541542543.png,8,8
544,MLU001磁浮列车客运型,客运型,546,t_544545546.png,x_544545546.png,17,0
545,MLU001磁浮列车货运型,货运型,546,t_544545546.png,x_544545546.png,0,17
546,MLU001磁浮列车客货型,客货混合型,546,t_544545546.png,x_544545546.png,9,8
547,复兴号客运型,客运型,549,t_547548549.png,x_547548549.png,18,0
548,复兴号货运型,货运型,549,t_547548549.png,x_547548549.png,0,18
549,复兴号客货型,客货混合型,549,t_547548549.png,x_547548549.png,9,9
550,复兴号国庆涂装客运型,客运型,552,t_550551552.png,x_550551552.png,16,0
551,复兴号国庆涂装货运型,货运型,552,t_550551552.png,x_550551552.png,0,16
552,复兴号国庆涂装客货型,客货混合型,552,t_550551552.png,x_550551552.png,8,8
553,长沙磁悬浮客运型,客运型,555,t_553554555.png,x_553554555.png,20,0
554,长沙磁悬浮货运型,货运型,555,t_553554555.png,x_553554555.png,0,20
555,长沙磁悬浮客货型,客货混合型,555,t_553554555.png,x_553554555.png,10,10
556,E657系电车客运型,客运型,558,t_556557558.png,x_556557558.png,18,0
557,E657系电车货运型,货运型,558,t_556557558.png,x_556557558.png,0,18
558,E657系电车客货型,客货混合型,558,t_556557558.png,x_556557558.png,9,9
559,HXN5330型内燃机车客运型,客运型,561,t_559560561.png,x_559560561.png,17,0
560,HXN5330型内燃机车货运型,货运型,561,t_559560561.png,x_559560561.png,0,17
561,HXN5330型内燃机车客货型,客货混合型,561,t_559560561.png,x_559560561.png,9,8
562,西门子Velaro RUS CHS8客运型,客运型,564,t_562563564.png,x_562563564.png,18,0
563,西门子Velaro RUS CHS8货运型,货运型,564,t_562563564.png,x_562563564.png,0,18
564,西门子Velaro RUS CHS8客货型,客货混合型,564,t_562563564.png,x_562563564.png,9,9
565,狗年生肖火车客运型,客运型,567,t_565566567.png,x_565566567.png,17,0
566,狗年生肖火车货运型,货运型,567,t_565566567.png,x_565566567.png,0,17
567,狗年生肖火车客货型,客货混合型,567,t_565566567.png,x_565566567.png,9,8
568,大力士客运型,客运型,570,t_568569570.png,x_568569570.png,19,0
569,大力士货运型,货运型,570,t_568569570.png,x_568569570.png,0,19
570,大力士客货型,客货混合型,570,t_568569570.png,x_568569570.png,10,9
571,KTX2客运型,客运型,573,t_571572573.png,x_571572573.png,17,0
572,KTX2货运型,货运型,573,t_571572573.png,x_571572573.png,0,17
573,KTX2客货型,客货混合型,573,t_571572573.png,x_571572573.png,9,8
574,CRH2-168A动车组客运型,客运型,576,t_574575576.png,x_574575576.png,19,0
575,CRH2-168A动车组货运型,货运型,576,t_574575576.png,x_574575576.png,0,19
576,CRH2-168A动车组客货型,客货混合型,576,t_574575576.png,x_574575576.png,10,9
577,端午龙舟火车客运型,客运型,579,t_577578579.png,x_577578579.png,17,0
578,端午龙舟火车货运型,货运型,579,t_577578579.png,x_577578579.png,0,17
579,端午龙舟火车客货型,客货混合型,579,t_577578579.png,x_577578579.png,9,8
580,世界杯涂装火车客运型,客运型,582,t_580581582.png,x_580581582.png,19,0
581,世界杯涂装火车货运型,货运型,582,t_580581582.png,x_580581582.png,0,19
582,世界杯涂装火车客货型,客货混合型,582,t_580581582.png,x_580581582.png,10,9
583,成田特快E259客运型,客运型,585,t_583584585.png,x_583584585.png,16,0
584,成田特快E259货运型,货运型,585,t_583584585.png,x_583584585.png,0,16
585,成田特快E259客货型,客货混合型,585,t_583584585.png,x_583584585.png,8,8
586,2018中秋涂装客运型,客运型,588,t_586587588.png,x_586587588.png,20,0
587,2018中秋涂装货运型,货运型,588,t_586587588.png,x_586587588.png,0,20
588,2018中秋涂装客货型,客货混合型,588,t_586587588.png,x_586587588.png,10,10
589,2018国庆涂装客运型,客运型,591,t_589590591.png,x_589590591.png,18,0
590,2018国庆涂装货运型,货运型,591,t_589590591.png,x_589590591.png,0,18
591,2018国庆涂装客货型,客货混合型,591,t_589590591.png,x_589590591.png,9,9
592,2018双十一涂装客运型,客运型,594,t_592593594.png,x_592593594.png,19,0
593,2018双十一涂装货运型,货运型,594,t_592593594.png,x_592593594.png,0,19
594,2018双十一涂装客货型,客货混合型,594,t_592593594.png,x_592593594.png,9,10
595,2018圣诞涂装客运型,客运型,597,t_595596597.png,x_595596597.png,19,0
596,2018圣诞涂装货运型,货运型,597,t_595596597.png,x_595596597.png,0,19
597,2018圣诞涂装客货型,客货混合型,597,t_595596597.png,x_595596597.png,10,9
598,CR200J型复兴号动车组客货型,客货混合型,598,t_598.png,x_598.png,9,9
599,2019春节涂装客运型,客运型,601,t_599600601.png,x_599600601.png,19,0
600,2019春节涂装货运型,货运型,601,t_599600601.png,x_599600601.png,0,19
601,2019春节涂装客货型,客货混合型,601,t_599600601.png,x_599600601.png,10,9
602,E655皇室专列客运型,客运型,604,t_602603604.png,x_602603604.png,20,0
603,E655皇室专列货运型,货运型,604,t_602603604.png,x_602603604.png,0,20
604,E655皇室专列客货型,客货混合型,604,t_602603604.png,x_602603604.png,10,10
605,CR200J型复兴号动车组货运型,货运型,598,t_598.png,x_598.png,0,18
606,CR200J型复兴号动车组客运型,客运型,598,t_598.png,x_598.png,18,0
607,THSR 700T客运型,客运型,609,t_607608609.png,x_607608609.png,20,0
608,THSR 700T货运型,货运型,609,t_607608609.png,x_607608609.png,0,20
609,THSR 700T客货型,客货混合型,609,t_607608609.png,x_607608609.png,10,10
610,SUNRISE客运型,客运型,612,t_610611612.png,x_610611612.png,19,0
611,SUNRISE货运型,货运型,612,t_610611612.png,x_610611612.png,0,19
612,SUNRISE客货型,客货混合型,612,t_610611612.png,x_610611612.png,10,9
613,雪国列车客运型,客运型,615,t_613614615.png,x_613614615.png,24,0
614,雪国列车货运型,货运型,615,t_613614615.png,x_613614615.png,0,24
615,雪国列车客货型,客货混合型,615,t_613614615.png,x_613614615.png,12,12
616,OUIGO客运型,客运型,618,t_616617618.png,x_616617618.png,19,0
617,OUIGO货运型,货运型,618,t_616617618.png,x_616617618.png,0,19
618,OUIGO客货型,客货混合型,618,t_616617618.png,x_616617618.png,10,9
619,2019五一涂装客运型,客运型,621,t_619620621.png,x_619620621.png,19,0
620,2019五一涂装货运型,货运型,621,t_619620621.png,x_619620621.png,0,19
621,2019五一涂装客货型,客货混合型,621,t_619620621.png,x_619620621.png,10,9
622,HXN5321型内燃机车客运型,客运型,624,t_622623624.png,x_622623624.png,19,0
623,HXN5321型内燃机车货运型,货运型,624,t_622623624.png,x_622623624.png,0,19
624,HXN5321型内燃机车客货型,客货混合型,624,t_622623624.png,x_622623624.png,10,9
625,瑞丰号客运型,客运型,627,t_625626627.png,x_625626627.png,19,0
626,瑞丰号货运型,货运型,627,t_625626627.png,x_625626627.png,0,19
627,瑞丰号客货型,客货混合型,627,t_625626627.png,x_625626627.png,10,9
628,水晶景观客运型,客运型,630,t_628629630.png,x_628629630.png,20,0
629,水晶景观货运型,货运型,630,t_628629630.png,x_628629630.png,0,20
630,水晶景观客货型,客货混合型,630,t_628629630.png,x_628629630.png,10,10
631,2019八一涂装客运型,客运型,633,t_631632633.png,x_631632633.png,20,0
632,2019八一涂装货运型,货运型,633,t_631632633.png,x_631632633.png,0,20
633,2019八一涂装客货型,客货混合型,633,t_631632633.png,x_631632633.png,10,10
634,TGV Lyria  客运型,客运型,634,t_634635636.png,x_634635636.png,20,0
635,TGV Lyria 货运型,货运型,634,t_634635636.png,x_634635636.png,0,20
636,TGV Lyria  客货型,客货混合型,634,t_634635636.png,x_634635636.png,10,10
637,2019中秋涂装客运型,客运型,639,t_637638639.png,x_637638639.png,20,0
638,2019中秋涂装货运型,货运型,639,t_637638639.png,x_637638639.png,0,20
639,2019中秋涂装客货型,客货混合型,639,t_637638639.png,x_637638639.png,10,10
640,2019国庆涂装客运型,客运型,642,t_640641642.png,x_640641642.png,21,0
641,2019国庆涂装货运型,货运型,642,t_640641642.png,x_640641642.png,0,21
642,2019国庆涂装客货型,客货混合型,642,t_640641642.png,x_640641642.png,11,10
643,2019万圣节涂装客运型,客运型,645,t_643644645.png,x_643644645.png,20,0
644,2019万圣节涂装货运型,货运型,645,t_643644645.png,x_643644645.png,0,20
645,2019万圣节涂装客货型,客货混合型,645,t_643644645.png,x_643644645.png,10,10
646,2020元旦涂装客运型,客运型,648,t_646647648.png,x_646647648.png,19,0
647,2020元旦涂装货运型,货运型,648,t_646647648.png,x_646647648.png,0,19
648,2020元旦涂装客货型,客货混合型,648,t_646647648.png,x_646647648.png,10,9
649,四季岛号客运型,客运型,651,t_649650651.png,x_649650651.png,21,0
650,四季岛号货运型,货运型,651,t_649650651.png,x_649650651.png,0,21
651,四季岛号客货型,客货混合型,651,t_649650651.png,x_649650651.png,11,10
652,2020鼠年涂装客运型,客运型,654,t_652653654.png,x_652653654.png,20,0
653,2020鼠年涂装货运型,货运型,654,t_652653654.png,x_652653654.png,0,20
654,2020鼠年涂装客货型,客货混合型,654,t_652653654.png,x_652653654.png,10,10
655,熊猫空铁客运型,客运型,657,t_655656657.png,x_655656657.png,20,0
656,熊猫空铁货运型,货运型,657,t_655656657.png,x_655656657.png,0,20
657,熊猫空铁客货型,客货混合型,657,t_655656657.png,x_655656657.png,10,10
658,JR九州某列车客运型,客运型,660,t_658659660.png,x_658659660.png,20,0
659,JR九州某列车货运型,货运型,660,t_658659660.png,x_658659660.png,0,20
660,JR九州某列车客货型,客货混合型,660,t_658659660.png,x_658659660.png,10,10
661,2020五一涂装客运型,客运型,663,t_661662663.png,x_661662663.png,20,0
662,2020五一涂装货运型,货运型,663,t_661662663.png,x_661662663.png,0,20
663,2020五一涂装客货型,客货混合型,663,t_661662663.png,x_661662663.png,10,10
664,CR300BF蓝色涂装客运型,客运型,666,t_664665666.png,x_664665666.png,21,0
665,CR300BF蓝色涂装货运型,货运型,666,t_664665666.png,x_664665666.png,0,21
666,CR300BF蓝色涂装客货型,客货混合型,666,t_664665666.png,x_664665666.png,11,10
667,CRH2-043A动车组涂装客运型,客运型,669,t_667668669.png,x_667668669.png,20,0
668,CRH2-043A动车组涂装货运型,货运型,669,t_667668669.png,x_667668669.png,0,20
669,CRH2-043A动车组涂装客货型,客货混合型,669,t_667668669.png,x_667668669.png,10,10
670,2020端午节涂装客运型,客运型,672,t_670671672.png,x_670671673.png,20,0
671,2020端午节涂装货运型,货运型,672,t_670671672.png,x_670671673.png,0,20
672,2020端午节涂装客货型,客货混合型,672,t_670671672.png,x_670671673.png,10,10
673,E353系超级梓号客运型,客运型,675,t_673674675.png,x_673674675.png,20,0
674,E353系超级梓号货运型,货运型,675,t_673674675.png,x_673674675.png,0,20
675,E353系超级梓号客货型,客货混合型,675,t_673674675.png,x_673674675.png,10,10
676,九州七星号客运型,客运型,678,t_676677678.png,x_676677678.png,20,0
677,九州七星号货运型,货运型,678,t_676677678.png,x_676677678.png,0,20
678,九州七星号客货型,客货混合型,678,t_676677678.png,x_676677678.png,10,10
679,中国磁悬浮实验型国庆涂装客运型,客运型,681,t_679680681.png,x_679680681.png,22,0
680,中国磁悬浮实验型国庆涂装货运型,货运型,681,t_679680681.png,x_679680681.png,0,22
681,中国磁悬浮实验型国庆涂装客货型,客货混合型,681,t_679680681.png,x_679680681.png,11,11
682,2020中秋涂装高速列车客运型,客运型,684,t_682683684.png,x_682683684.png,21,0
683,2020中秋涂装高速列车货运型,货运型,684,t_682683684.png,x_682683684.png,0,21
684,2020中秋涂装高速列车客货型,客货混合型,684,t_682683684.png,x_682683684.png,11,10
685,雪月花号客运型,客运型,687,t_685686687.png,x_685686687.png,20,0
686,雪月花号货运型,货运型,687,t_685686687.png,x_685686687.png,0,20
687,雪月花号客货型,客货混合型,687,t_685686687.png,x_685686687.png,10,10
688,阿苏男孩号客运型,客运型,690,t_688689690.png,x_688689690.png,20,0
689,阿苏男孩号货运型,货运型,690,t_688689690.png,x_688689690.png,0,20
690,阿苏男孩号客货型,客货混合型,690,t_688689690.png,x_688689690.png,10,10
691,2020圣诞涂装客运型,客运型,693,t_691692693.png,x_691692693.png,20,0
692,2020圣诞涂装货运型,货运型,693,t_691692693.png,x_691692693.png,0,20
693,2020圣诞涂装客货型,客货混合型,693,t_691692693.png,x_691692693.png,10,10
694,2021牛年生肖客运型,客运型,696,t_694695696.png,x_694695696.png,22,0
695,2021牛年生肖货运型,货运型,696,t_694695696.png,x_694695696.png,0,22
696,2021牛年生肖客货型,客货混合型,696,t_694695696.png,x_694695696.png,11,11
697,陕煤号电力机车客运型,客运型,699,t_697698699.png,x_697698699.png,21,0
698,陕煤号电力机车货运型,货运型,699,t_697698699.png,x_697698699.png,0,21
699,陕煤号电力机车客货型,客货混合型,699,t_697698699.png,x_697698699.png,11,10
700,五菱宏光MINIEV客运型,客运型,702,t_700701702.png,x_700701702.png,1901,0
701,五菱宏光MINIEV货运型,货运型,702,t_700701702.png,x_700701702.png,0,1901
702,五菱宏光MINIEV客货型,客货混合型,702,t_700701702.png,x_700701702.png,901,901
703,洲际高速列车客运型,客运型,705,t_703704705.png,x_703704705.png,20,0
704,洲际高速列车货运型,货运型,705,t_703704705.png,x_703704705.png,0,20
705,洲际高速列车客货型,客货混合型,705,t_703704705.png,x_703704705.png,10,10
706,中国磁悬浮实验型客运型,客运型,708,t_706707708.png,x_706707708.png,22,0
707,中国磁悬浮实验型货运型,货运型,708,t_706707708.png,x_706707708.png,0,22
708,中国磁悬浮实验型客货型,客货混合型,708,t_706707708.png,x_706707708.png,11,11
709,跨国互联互通高速列车客运型,客运型,711,t_709710711.png,x_709710711.png,20,0
710,跨国互联互通高速列车货运型,货运型,711,t_709710711.png,x_709710711.png,0,20
711,跨国互联互通高速列车客货型,客货混合型,711,t_709710711.png,x_709710711.png,10,10
712,红巨人铁路起重机客运型,客运型,714,t_712713714.png,x_712713714.png,1604,0
713,红巨人铁路起重机货运型,货运型,714,t_712713714.png,x_712713714.png,0,1604
714,红巨人铁路起重机客货型,客货混合型,714,t_712713714.png,x_712713714.png,802,802
715,HXN5320内燃机车客运型,客运型,717,t_715716717.png,x_715716717.png,20,0
716,HXN5320内燃机车货运型,货运型,717,t_715716717.png,x_715716717.png,0,20
717,HXN5320内燃机车客货型,客货混合型,717,t_715716717.png,x_715716717.png,10,10
718,特急Revaty500客运型,客运型,720,t_718719720.png,x_718719720.png,20,0
719,特急Revaty500货运型,货运型,720,t_718719720.png,x_718719720.png,0,20
720,特急Revaty500客货型,客货混合型,720,t_718719720.png,x_718719720.png,10,10
721,仙后座高速列车客运型,客运型,723,t_721722723.png,x_721722723.png,20,0
722,仙后座高速列车货运型,货运型,723,t_721722723.png,x_721722723.png,0,20
723,仙后座高速列车客货型,客货混合型,723,t_721722723.png,x_721722723.png,10,10
724,2021中秋涂装客运型,客运型,726,t_724725726.png,x_724725726.png,21,0
725,2021中秋涂装货运型,货运型,726,t_724725726.png,x_724725726.png,0,21
726,2021中秋涂装客货型,客货混合型,726,t_724725726.png,x_724725726.png,11,10
727,2021国庆涂装客运型,客运型,729,t_727728729.png,x_727728729.png,23,0
728,2021国庆涂装货运型,货运型,729,t_727728729.png,x_727728729.png,0,23
729,2021国庆涂装客货型,客货混合型,729,t_727728729.png,x_727728729.png,12,11
730,HXN5C内燃机车客运型,客运型,732,t_730731732.png,x_730731732.png,21,0
731,HXN5C内燃机车货运型,货运型,732,t_730731732.png,x_730731732.png,0,21
732,HXN5C内燃机车客货型,客货混合型,732,t_730731732.png,x_730731732.png,11,10
733,天狼星号客运型,客运型,735,t_733734735.png,x_733734735.png,21,0
734,天狼星号货运型,货运型,735,t_733734735.png,x_733734735.png,0,21
735,天狼星号客货型,客货混合型,735,t_733734735.png,x_733734735.png,11,10
736,2021圣诞节号客运型,客运型,738,t_736737738.png,x_736737738.png,21,0
737,2021圣诞节号货运型,货运型,738,t_736737738.png,x_736737738.png,0,21
738,2021圣诞节号客货型,客货混合型,738,t_736737738.png,x_736737738.png,11,10
739,神崋号电力机车客运型,客运型,741,t_739740741.png,x_739740741.png,21,0
740,神崋号电力机车货运型,货运型,741,t_739740741.png,x_739740741.png,0,21
741,神崋号电力机车客货型,客货混合型,741,t_739740741.png,x_739740741.png,11,10
742,2022虎年涂装客运型,客运型,744,t_742743744.png,x_742743744.png,23,0
743,2022虎年涂装货运型,货运型,744,t_742743744.png,x_742743744.png,0,23
744,2022虎年涂装客货型,客货混合型,744,t_742743744.png,x_742743744.png,12,11
745,小玉号电力机车客运型,客运型,747,t_745746747.png,x_745746747.png,21,0
746,小玉号电力机车货运型,货运型,747,t_745746747.png,x_745746747.png,0,21
747,小玉号电力机车客货型,客货混合型,747,t_745746747.png,x_745746747.png,11,10
748,TGV PSE 客运型,客运型,750,t_748749750.png,x_748749750.png,23,0
749,TGV PSE 货运型,货运型,750,t_748749750.png,x_748749750.png,0,23
750,TGV PSE 客货型,客货混合型,750,t_748749750.png,x_748749750.png,12,11
751,费城不锈钢双层列车客运型,客运型,753,t_751752753.png,x_751752753.png,21,0
752,费城不锈钢双层列车货运型,货运型,753,t_751752753.png,x_751752753.png,0,21
753,费城不锈钢双层列车客货型,客货混合型,753,t_751752753.png,x_751752753.png,11,10
754,埃维利亚自由号客运型,客运型,756,t_754755756.png,x_754755756.png,21,0
755,埃维利亚自由号货运型,货运型,756,t_754755756.png,x_754755756.png,0,21
756,埃维利亚自由号客货型,客货混合型,756,t_754755756.png,x_754755756.png,11,10
757,蒙特利尔双层客运型,客运型,759,t_757758759.png,x_757758759.png,21,0
758,蒙特利尔双层货运型,货运型,759,t_757758759.png,x_757758759.png,0,21
759,蒙特利尔双层客货型,客货混合型,759,t_757758759.png,x_757758759.png,11,10
760,光明线号客运型,客运型,762,t_760761762.png,x_760761762.png,21,0
761,光明线号货运型,货运型,762,t_760761762.png,x_760761762.png,0,21
762,光明线号客货型,客货混合型,762,t_760761762.png,x_760761762.png,11,10
763,INDIAN-PACIFIC号客运型,客运型,765,t_763764765.png,x_763764765.png,21,0
764,INDIAN-PACIFIC号货运型,货运型,765,t_763764765.png,x_763764765.png,0,21
765,INDIAN-PACIFIC号客货型,客货混合型,765,t_763764765.png,x_763764765.png,11,10
766,2022国庆涂装客运型,客运型,768,t_766767768.png,x_766767768.png,23,0
767,2022国庆涂装货运型,货运型,768,t_766767768.png,x_766767768.png,0,23
768,2022国庆涂装客货型,客货混合型,768,t_766767768.png,x_766767768.png,12,11
769,兴国号客运型,客运型,771,t_769770771.png,x_769770771.png,22,0
770,兴国号货运型,货运型,771,t_769770771.png,x_769770771.png,0,22
771,兴国号客货型,客货混合型,771,t_769770771.png,x_769770771.png,11,11
772,冰川列车客运型,客运型,774,t_772773774.png,x_772773774.png,21,0
773,冰川列车货运型,货运型,774,t_772773774.png,x_772773774.png,0,21
774,冰川列车客货型,客货混合型,774,t_772773774.png,x_772773774.png,11,10
775,机电混动力调车客运型,客运型,777,t_775776777.png,x_775776777.png,21,0
776,机电混动力调车货运型,货运型,777,t_775776777.png,x_775776777.png,0,21
777,机电混动力调车客货型,客货混合型,777,t_775776777.png,x_775776777.png,11,10
778,2022圣诞节涂装客运型,客运型,780,t_778779780.png,x_778779780.png,21,0
779,2022圣诞节涂装货运型,货运型,780,t_778779780.png,x_778779780.png,0,21
780,2022圣诞节涂装客货型,客货混合型,780,t_778779780.png,x_778779780.png,11,10
781,中国龙中速磁悬浮客运型,客运型,783,t_781782783.png,x_781782783.png,22,0
782,中国龙中速磁悬浮货运型,货运型,783,t_781782783.png,x_781782783.png,0,22
783,中国龙中速磁悬浮客货型,客货混合型,783,t_781782783.png,x_781782783.png,11,11
784,2023兔年涂装客运型,客运型,786,t_784785786.png,x_784785786.png,23,0
785,2023兔年涂装货运型,货运型,786,t_784785786.png,x_784785786.png,0,23
786,2023兔年涂装客货型,客货混合型,786,t_784785786.png,x_784785786.png,12,11
787,中速磁悬浮客运型,客运型,789,t_787788789.png,x_787788789.png,21,0
788,中速磁悬浮货运型,货运型,789,t_787788789.png,x_787788789.png,0,21
789,中速磁悬浮客货型,客货混合型,789,t_787788789.png,x_787788789.png,11,10
790,秦旅山海号客运型,客运型,792,t_790791792.png,x_790791792.png,21,0
791,秦旅山海号货运型,货运型,792,t_790791792.png,x_790791792.png,0,21
792,秦旅山海号客货型,客货混合型,792,t_790791792.png,x_790791792.png,11,10
793,四川山地轨道交通客运型,客运型,795,t_793794795.png,x_793794795.png,21,0
794,四川山地轨道交通货运型,货运型,795,t_793794795.png,x_793794795.png,0,21
795,四川山地轨道交通客货型,客货混合型,795,t_793794795.png,x_793794795.png,11,10
796,2023五一涂装客运型,客运型,798,t_796797798.png,x_796797798.png,23,0
797,2023五一涂装货运型,货运型,798,t_796797798.png,x_796797798.png,0,23
798,2023五一涂装客货型,客货混合型,798,t_796797798.png,x_796797798.png,12,11
799,小田急70000客运型,客运型,801,t_799800801.png,x_799800801.png,21,0
800,小田急70000货运型,货运型,801,t_799800801.png,x_799800801.png,0,21
801,小田急70000客货型,客货混合型,801,t_799800801.png,x_799800801.png,11,10
802,纳帕酒乡火车客运型,客运型,804,t_802803804.png,x_802803804.png,21,0
803,纳帕酒乡火车货运型,货运型,804,t_802803804.png,x_802803804.png,0,21
804,纳帕酒乡火车客货型,客货混合型,804,t_802803804.png,x_802803804.png,11,10
805,清远磁悬浮列车客运型,客运型,807,t_805806807.png,x_805806807.png,21,0
806,清远磁悬浮列车货运型,货运型,807,t_805806807.png,x_805806807.png,0,21
807,清远磁悬浮列车客货型,客货混合型,807,t_805806807.png,x_805806807.png,11,10
808,瑞雪迎春复兴号客运型,客运型,810,t_808809810.png,x_808809810.png,21,0
809,瑞雪迎春复兴号货运型,货运型,810,t_808809810.png,x_808809810.png,0,21
810,瑞雪迎春复兴号客货型,客货混合型,810,t_808809810.png,x_808809810.png,11,10
811,36+3特快列车客运型,客运型,813,t_811812813.png,x_811812813.png,24,0
812,36+3特快列车货运型,货运型,813,t_811812813.png,x_811812813.png,0,24
813,36+3特快列车客货型,客货混合型,813,t_811812813.png,x_811812813.png,12,12
814,极光夜高速列车客运型,客运型,816,t_814815816.png,x_814815816.png,22,0
815,极光夜高速列车货运型,货运型,816,t_814815816.png,x_814815816.png,0,22
816,极光夜高速列车客货型,客货混合型,816,t_814815816.png,x_814815816.png,11,11
817,英国皇家号列车客运型,客运型,819,t_817818819.png,x_817818819.png,21,0
818,英国皇家号列车货运型,货运型,819,t_817818819.png,x_817818819.png,0,21
819,英国皇家号列车客货型,客货混合型,819,t_817818819.png,x_817818819.png,11,10
820,新型2ES7电力机车客运型,客运型,822,t_820821822.png,x_820821822.png,21,0
821,新型2ES7电力机车货运型,货运型,822,t_820821822.png,x_820821822.png,0,21
822,新型2ES7电力机车客货型,客货混合型,822,t_820821822.png,x_820821822.png,11,10
823,西门子Desiro HC双层列车客运型,客运型,825,t_823824825.png,x_823824825.png,21,0
824,西门子Desiro HC双层列车货运型,货运型,825,t_823824825.png,x_823824825.png,0,21
825,西门子Desiro HC双层列车客货型,客货混合型,825,t_823824825.png,x_823824825.png,11,10
826,2024龙年涂装客运型,客运型,828,t_826827828.png,x_826827828.png,24,0
827,2024龙年涂装货运型,货运型,828,t_826827828.png,x_826827828.png,0,24
828,2024龙年涂装客货型,客货混合型,828,t_826827828.png,x_826827828.png,12,12
829,悉尼双层列车客运型,客运型,831,t_829830831.png,x_829830831.png,22,0
830,悉尼双层列车货运型,货运型,831,t_829830831.png,x_829830831.png,0,22
831,悉尼双层列车客货型,客货混合型,831,t_829830831.png,x_829830831.png,11,11
832,DF4008内燃机车货运型,货运型,832,t_832.png,x_832.png,0,21
833,DF4404内燃机车货运型,货运型,833,t_833.png,x_833.png,0,21
834,DF8448内燃机车货运型,货运型,834,t_834.png,x_834.png,0,21
835,必和必拓铁矿火车客运型,客运型,837,t_835836837.png,x_835836837.png,21,0
836,必和必拓铁矿火车货运型,货运型,837,t_835836837.png,x_835836837.png,0,21
837,必和必拓铁矿火车客货型,客货混合型,837,t_835836837.png,x_835836837.png,11,10
838,波兰 Impuls2列车客运型,客运型,840,t_838839840.png,x_838839840.png,24,0
839,波兰 Impuls2列车货运型,货运型,840,t_838839840.png,x_838839840.png,0,24
840,波兰 Impuls2列车客货型,客货混合型,840,t_838839840.png,x_838839840.png,12,12
841,伯尔尼纳快车客运型,客运型,843,t_841842843.png,x_841842843.png,22,0
842,伯尔尼纳快车货运型,货运型,843,t_841842843.png,x_841842843.png,0,22
843,伯尔尼纳快车客货型,客货混合型,843,t_841842843.png,x_841842843.png,11,11
844,富士山观景特快列车客运型,客运型,846,t_844845846.png,x_844845846.png,21,0
845,富士山观景特快列车货运型,货运型,846,t_844845846.png,x_844845846.png,0,21
846,富士山观景特快列车客货型,客货混合型,846,t_844845846.png,x_844845846.png,11,10
847,澜沧号动车客运型,客运型,849,t_847848849.png,x_847848849.png,21,0
848,澜沧号动车货运型,货运型,849,t_847848849.png,x_847848849.png,0,21
849,澜沧号动车客货型,客货混合型,849,t_847848849.png,x_847848849.png,11,10
850,钢轨打磨车客运型,客运型,852,t_850851852.png,x_850851852.png,21,0
851,钢轨打磨车货运型,货运型,852,t_850851852.png,x_850851852.png,0,21
852,钢轨打磨车客货型,客货混合型,852,t_850851852.png,x_850851852.png,11,10
853,莫斯科2020列车客运型,客运型,855,t_853854855.png,x_853854855.png,21,0
854,莫斯科2020列车货运型,货运型,855,t_853854855.png,x_853854855.png,0,21
855,莫斯科2020列车客货型,客货混合型,855,t_853854855.png,x_853854855.png,11,10
856,EMD AEM-7型电力机车客运型,客运型,858,t_856857858.png,x_856857858.png,22,0
857,EMD AEM-7型电力机车货运型,货运型,858,t_856857858.png,x_856857858.png,0,22
858,EMD AEM-7型电力机车客货型,客货混合型,858,t_856857858.png,x_856857858.png,11,11
859,400系新型电车客运型,客运型,861,t_859860861.png,x_859860861.png,24,0
860,400系新型电车货运型,货运型,861,t_859860861.png,x_859860861.png,0,24
861,400系新型电车客货型,客货混合型,861,t_859860861.png,x_859860861.png,12,12
862,Travca机车客运型,客运型,864,t_862863864.png,x_862863864.png,21,0
863,Travca机车货运型,货运型,864,t_862863864.png,x_862863864.png,0,21
864,Travca机车客货型,客货混合型,864,t_862863864.png,x_862863864.png,11,10
865,玲龙号磁浮列车客运型,客运型,867,t_865866867.png,x_865866867.png,21,0
866,玲龙号磁浮列车货运型,货运型,867,t_865866867.png,x_865866867.png,0,21
867,玲龙号磁浮列车客货型,客货混合型,867,t_865866867.png,x_865866867.png,11,10
868,瑞士联邦铁路 BR193客运型,客运型,870,t_868869870.png,x_868869870.png,21,0
869,瑞士联邦铁路 BR193货运型,货运型,870,t_868869870.png,x_868869870.png,0,21
870,瑞士联邦铁路 BR193客货型,客货混合型,870,t_868869870.png,x_868869870.png,11,10
871,AeroLiner3000客运型,客运型,873,t_871872873.png,x_871872873.png,23,0
872,AeroLiner3000货运型,货运型,873,t_871872873.png,x_871872873.png,0,23
873,AeroLiner3000客货型,客货混合型,873,t_871872873.png,x_871872873.png,12,11
874,2025蛇年涂装客运型,客运型,876,t_874875876.png,x_874875876.png,25,0
875,2025蛇年涂装货运型,货运型,876,t_874875876.png,x_874875876.png,0,25
876,2025蛇年涂装客货型,客货混合型,876,t_874875876.png,x_874875876.png,13,12
877,俄罗斯ESh2客运型,客运型,879,t_877878879.png,x_877878879.png,22,0
878,俄罗斯ESh2货运型,货运型,879,t_877878879.png,x_877878879.png,0,22
879,俄罗斯ESh2客货型,客货混合型,879,t_877878879.png,x_877878879.png,11,11
880,飞龙复兴号客运型,客运型,882,t_880881882.png,x_880881882.png,22,0
881,飞龙复兴号货运型,货运型,882,t_880881882.png,x_880881882.png,0,22
882,飞龙复兴号客货型,客货混合型,882,t_880881882.png,x_880881882.png,11,11
883,金色山口列车客运型,客运型,885,t_883884885.png,x_883884885.png,23,0
884,金色山口列车货运型,货运型,885,t_883884885.png,x_883884885.png,0,23
885,金色山口列车客货型,客货混合型,885,t_883884885.png,x_883884885.png,12,11
886,KCIC400AF动车组客运型,客运型,888,t_886887888.png,x_886887888.png,25,0
887,KCIC400AF动车组货运型,货运型,888,t_886887888.png,x_886887888.png,0,25
888,KCIC400AF动车组客货型,客货混合型,888,t_886887888.png,x_886887888.png,13,12
889,欧洲之星城际列车客运型,客运型,891,t_889890891.png,x_889890891.png,22,0
890,欧洲之星城际列车货运型,货运型,891,t_889890891.png,x_889890891.png,0,22
891,欧洲之星城际列车客货型,客货混合型,891,t_889890891.png,x_889890891.png,11,11
892,孔雀石3ES8型电力机车客运型,客运型,894,t_892893894.png,x_892893894.png,22,0
893,孔雀石3ES8型电力机车货运型,货运型,894,t_892893894.png,x_892893894.png,0,22
894,孔雀石3ES8型电力机车客货型,客货混合型,894,t_892893894.png,x_892893894.png,11,11
895,全自动智慧市域列车客运型,客运型,897,t_895896897.png,x_895896897.png,22,0
896,全自动智慧市域列车货运型,货运型,897,t_895896897.png,x_895896897.png,0,22
897,全自动智慧市域列车客货型,客货混合型,897,t_895896897.png,x_895896897.png,11,11
898,CoradiaStream列车客运型,客运型,900,t_898899900.png,x_898899900.png,22,0
899,CoradiaStream列车货运型,货运型,900,t_898899900.png,x_898899900.png,0,22
900,CoradiaStream列车客货型,客货混合型,900,t_898899900.png,x_898899900.png,11,11
901,海空蓝复兴号客运型,客运型,903,t_901902903.png,x_901902903.png,25,0
902,海空蓝复兴号货运型,货运型,903,t_901902903.png,x_901902903.png,0,25
903,海空蓝复兴号客货型,客货混合型,903,t_901902903.png,x_901902903.png,13,12
904,神24电力机车客运型,客运型,906,t_904905906.png,x_904905906.png,23,0
905,神24电力机车货运型,货运型,906,t_904905906.png,x_904905906.png,0,23
906,神24电力机车客运型,客货混合型,906,t_904905906.png,x_904905906.png,12,11
907,台铁emu3000城际列车客运型,客运型,909,t_907908909.png,x_907908909.png,22,0
908,台铁emu3000城际列车货运型,货运型,909,t_907908909.png,x_907908909.png,0,22
909,台铁emu3000城际列车客运型,客货混合型,909,t_907908909.png,x_907908909.png,11,11
910,Rabe511双层动车组客运型,客运型,912,t_910911912.png,x_910911912.png,22,0
911,Rabe511双层动车组货运型,货运型,912,t_910911912.png,x_910911912.png,0,22
912,Rabe511双层动车组客货型,客货混合型,912,t_910911912.png,x_910911912.png,11,11
913,Stadler双层火车客运型,客运型,915,t_913914915.png,x_913914915.png,22,0
914,Stadler双层火车货运型,货运型,915,t_913914915.png,x_913914915.png,0,22
915,Stadler双层火车客货型,客货混合型,915,t_913914915.png,x_913914915.png,11,11
916,2026马年涂装客运型,客运型,918,t_916917918.png,x_916917918.png,25,0
917,2026马年涂装货运型,货运型,918,t_916917918.png,x_916917918.png,0,25
918,2026马年涂装客货型,客货混合型,918,t_916917918.png,x_916917918.png,13,12
919,和合号客运型,客运型,921,t_919920921.png,x_919920921.png,23,0
920,和合号货运型,货运型,921,t_919920921.png,x_919920921.png,0,23
921,和合号客货型,客货混合型,921,t_919920921.png,x_919920921.png,12,11
922,KTX青龙号客运型,客运型,924,t_922923924.png,x_922923924.png,22,0
923,KTX青龙号货运型,货运型,924,t_922923924.png,x_922923924.png,0,22
924,KTX青龙号客货型,客货混合型,924,t_922923924.png,x_922923924.png,11,11
925,MireoPlusH列车客运型,客运型,927,t_925926927.png,x_925926927.png,25,0
926,MireoPlusH列车货运型,货运型,927,t_925926927.png,x_925926927.png,0,25
927,MireoPlusH列车客货型,客货混合型,927,t_925926927.png,x_925926927.png,13,12
928,双星4047观光列车客运型,客运型,930,t_928929930.png,x_928929930.png,23,0
929,双星4047观光列车货运型,货运型,930,t_928929930.png,x_928929930.png,0,23
930,双星4047观光列车客货型,客货混合型,930,t_928929930.png,x_928929930.png,12,11
931,PrimaT8AZ8A客运型,客运型,933,t_931932933.png,x_931932933.png,22,0
932,PrimaT8AZ8A货运型,货运型,933,t_931932933.png,x_931932933.png,0,22
933,PrimaT8AZ8A客货型,客货混合型,933,t_931932933.png,x_931932933.png,11,11
934,海岸星光号客运型,客运型,936,t_934935936.png,x_934935936.png,22,0
935,海岸星光号货运型,货运型,936,t_934935936.png,x_934935936.png,0,22
936,海岸星光号客货型,客货混合型,936,t_934935936.png,x_934935936.png,11,11
937,巴拿马运河观光火车客运型,客运型,939,t_937938939.png,x_937938939.png,22,0
938,巴拿马运河观光火车货运型,货运型,939,t_937938939.png,x_937938939.png,0,22
939,巴拿马运河观光火车客货型,客货混合型,939,t_937938939.png,x_937938939.png,11,11
940,庞巴迪TALENT2客运型,客运型,942,t_940941942.png,x_940941942.png,22,0
941,庞巴迪TALENT2货运型,货运型,942,t_940941942.png,x_940941942.png,0,22
942,庞巴迪TALENT2客货型,客货混合型,942,t_940941942.png,x_940941942.png,11,11
5001,西班牙AVE客货型,客货混合型,5001,t_500150025003.png,x_500150025003.png,6,6
5002,西班牙AVE客型,客运型,5001,t_500150025003.png,x_500150025003.png,12,0
5003,西班牙AVE货型,货运型,5001,t_500150025003.png,x_500150025003.png,0,12
