col_0,col_1
45,和谐CRH2三种型号
48,和谐CRH3三种型号
51,磁悬浮三种型号
226,新干线E4三种型号
229,RABE514三种型号
232,法国AGV三种型号
235,欧亚之星三种型号
241,神州号三种型号
244,CRH380A三种型号
255,大男孩三种型号
271,TGV熊猫三种型号
276,野鸭号三种型号
284,GE_p42D三种型号
291,TMST春节三种型号
293,JR磁悬浮三种型号
299,韩国KTX三种型号
304,新干线300三种型号
307,圣诞版AVE三种型号
316,Regina电力三种型号
320,欧洲之星三种型号
321,新干线猫耳朵三种型号
322,和谐号CRH6三种型号
329,大白鲨系列三种型号
338,美国MP36PH_3S三种型号
354,ICE-3三种型号
355,韩国HEMU-430X三种型号
357,Russia One机车三种型号
363,美国P42DC柴电机车三种型号
372,陆地巡洋舰装甲列车三种型号
378,DD磁悬浮红旗版三种型号
381,MPIMPXpress柴电机车三种型号
383,德国ICE-1三种型号
388,DD磁悬浮八一涂装版三种型号
394,Italo伊塔洛三种型号
400,美国Acela三种型号
412,XC36三种型号
413,小田急7000三种型号
414,庞巴迪TALENT三种型号
415,JR500电力机车三种型号
416,台铁TEMU2000三种型号机车
419,CKD9B柴油机车三种型号
422,欧洲之星美洲版三种型号
425,英铁374电力动车三种型号
427,CIT500三种型号
428,新干线Win350三种型号
438,新干线E7三种型号
442,中原之星国庆版三种型号
445,ETS动车三种型号
446,水星号三种型号
452,特急Rapi.t新吉恩版三种型号
455,日本国铁机器猫三种型号
460,ETS圣诞版三种型号
461,JR九州787特急三种型号 
462,意大利三种型号
464,小田急元宵涂装三种型号
474,窜天猴吉祥号三种型号
475,岛风近铁电车三种型号
481,SJ2000三种型号
484,晋龙号三种型号
487,中原之星三种型号
488,由布院之森三种型号
491,甲铁城蒸汽列车三种型号
494,意大利ETR500三种型号
497,CR400AF奥运涂装三种型号
500,CR400AF八一涂装三种型号
502,新干线EVA三种型号
503,ITX新村号三种型号
509,CR400BF国庆涂装三种型号
512,CR400AF三种型号
528,德国TR-09三种型号
531,英铁Class395三种型号
537,CRH2-2296动车组三种型号
540,新干线E3三种型号
543,CR400BF八一涂装三种型号
546,MLU001磁浮列车三种型号
549,复兴号三种型号
552,复兴号国庆涂装三种型号
555,长沙磁悬浮三种型号
558,E657系电车三种型号
561,HXN5330型内燃机车三种型号
564,西门子Velaro RUS CHS8三种型号
567,狗年生肖火车三种型号
570,大力士三种型号
573,KTX2三种型号
576,CRH2-168A动车组三种型号
579,端午龙舟火车三种型号
582,世界杯涂装火车三种型号
585,成田特快E259三种型号
588,2018中秋涂装三种型号
591,2018国庆涂装三种型号
594,2018双十一涂装三种型号
597,2018圣诞涂装三种型号
598,CR200J型复兴号动车组三种型号
601,2019春节涂装三种型号
604,E655皇室专列三种型号
609,THSR 700T三种型号
612,SUNRISE三种型号
615,雪国列车三种型号
618,OUIGO三种型号
621,2019五一涂装三种型号
624,HXN5321型内燃机车三种型号
627,瑞丰号三种型号
630,水晶景观三种型号
633,2019八一涂装三种型号
636,TGV Lyria  三种型号
639,2019中秋涂装三种型号
642,2019国庆涂装三种型号
645,2019万圣节涂装三种型号
648,2020元旦涂装三种型号
651,四季岛号三种型号
654,2020鼠年涂装三种型号
657,熊猫空铁三种型号
660,JR九州某列车三种型号
663,2020五一涂装三种型号
666,CR300BF蓝色涂装三种型号
669,CRH2-043A动车组涂装三种型号
672,2020端午节涂装三种型号
675,E353系超级梓号三种型号
678,九州七星号三种型号
681,中国磁悬浮实验型国庆涂装三种型号
684,2020中秋涂装高速列车三种型号
687,雪月花号三种型号
690,阿苏男孩号三种型号
693,2020圣诞节三种型号
696,2021牛年生肖三种型号
699,陕煤号电力机车三种型号
702,五菱宏光MINIEV三种型号
705,洲际高速列车三种型号
708,中国磁悬浮三种型号
711,跨国互联互通三种型号
714,红巨人号起重机三种型号
717,HXN5320内燃机车三种型号
720,特急Revaty500三种型号
723,仙后座号高速列车三种型号
726,2021中秋涂装三种型号
729,2021国庆涂装三种型号
732,HXN5C内燃机车三种型号
735,天狼星号三种型号
738,2021圣诞节涂装三种型号
741,神崋号电力机车三种型号
744,2022虎年涂装三种型号
747,小玉号电力机车三种型号
750,TGV PSE 三种型号
753,费城不锈钢双层列车三种型号
756,埃维利亚自由号三种型号
759,蒙特利尔双层三种型号
762,光明线号三种型号
765,INDIAN-PACIFIC号三种型号
768,2022国庆涂装三种型号
771,兴国号三种型号
774,冰川列车三种型号
777,机电混动力调车三种型号
780,2022圣诞节涂装三种型号
783,中国龙中速磁悬浮三种型号
786,2023兔年涂装三种型号
789,中速磁悬浮客货型三种型号
792,秦旅山海号三种型号
795,四川山地轨道交通三种型号
798,2023五一涂装三种型号
801,小田急70000三种型号
804,纳帕酒乡火车三种型号
807,清远磁悬浮列车三种型号
810,瑞雪迎春复兴号三种型号
813,36+3特快列车三种型号
816,极光夜高速列车三种型号
819,英国皇家号列车三种型号
822,新型2ES7电力机车三种型号
825,西门子Desiro HC双层列车三种型号
828,2024龙年涂装三种型号
831,悉尼双层列车三种型号
832,DF4008内燃机车货运型
833,DF4404内燃机车货运型
834,DF8448内燃机车货运型
837,必和必拓铁矿火车三种型号
840,波兰 Impuls2列车三种型号
843,伯尔尼纳快车三种型号
846,富士山观景特快列车三种型号
849,澜沧号动车三种型号
852,钢轨打磨车三种型号
855,莫斯科2020列车三种型号
858,EMD AEM-7型电力机车三种型号
861,400系新型电车三种型号
864,Travca机车三种型号
867,玲龙号磁浮列车三种型号
870,瑞士联邦铁路 BR193三种型号
873,AeroLiner3000三种型号
876,2025蛇年涂装三种型号
879,俄罗斯ESh2三种型号
882,飞龙复兴号三种型号
885,金色山口列车三种型号
888,KCIC400AF动车组三种型号
891,欧洲之星城际列车三种型号
894,孔雀石3ES8型电力机车三种型号
5001,西班牙AVE三种型号
