col_0,col_1,col_2,col_3,col_4,col_5,col_6,col_7,col_8
1,100000金币包,100000金币包,60,1,10,3,2,1
2,运输直升机货运型,运输直升机货运型,200,1,64,1,1,2
3,运输直升机客货两用型,运输直升机客货两用型,200,1,64,1,1,3
4,厢式大卡车客货两用型,厢式大卡车客货两用型,220,1,64,1,1,4
5,航天飞机客运型,航天飞机客运型,234,1,64,1,1,5
6,航天飞机客货两用型,航天飞机客货两用型,234,1,64,1,1,6
7,灰姑娘南瓜车货两用型,灰姑娘南瓜车货两用型,234,1,64,1,1,7
8,美丽公主车客货两用型,美丽公主车客货两用型,260,1,64,1,1,8
11,300000金币包,300000金币包,120,1,10,3,2,11
12,1000000金币包,1000000金币包,250,1,10,3,2,12
13,5000000金币包,5000000金币包,500,1,10,3,2,13
14,10人联盟创建费,创建10人火车大联盟工本费！,30,1,1,5,1,0
15,20人联盟创建费,创建20人火车大联盟工本费！,50,1,1,5,1,0
16,30人联盟创建费,创建30人火车大联盟工本费！,80,1,1,5,1,0
17,40人联盟创建费,创建40人火车大联盟工本费！,120,1,1,5,1,0
18,50人联盟创建费,创建50人火车大联盟工本费！,180,1,1,5,1,0
19,60人联盟创建费,创建60人火车大联盟工本费！,260,1,1,5,1,0
20,70人联盟创建费,创建70人火车大联盟工本费！,400,1,1,5,1,0
21,80人联盟创建费,创建80人火车大联盟工本费！,700,1,1,5,1,0
22,90人联盟创建费,创建90人火车大联盟工本费！,1000,1,1,5,1,0
23,100人联盟创建费,创建100人火车大联盟工本费！,1500,1,1,5,1,0
24,10人联盟管理费,10人联盟的每月管理费,15,1,1000,6,2,0
25,20人联盟管理费,20人联盟的每月管理费,25,1,1000,6,2,0
26,30人联盟管理费,30人联盟的每月管理费,40,1,1000,6,2,0
27,40人联盟管理费,40人联盟的每月管理费,60,1,1000,6,2,0
28,50人联盟管理费,50人联盟的每月管理费,90,1,1000,6,2,0
29,60人联盟管理费,60人联盟的每月管理费,130,1,1000,6,2,0
30,70人联盟管理费,70人联盟的每月管理费,200,1,1000,6,2,0
31,80人联盟管理费,80人联盟的每月管理费,350,1,1000,6,2,0
32,90人联盟管理费,90人联盟的每月管理费,500,1,1000,6,2,0
33,100人联盟管理费,100人联盟的每月管理费,750,1,1000,6,2,0
34,扩建联盟费,新扩充到20人联盟费！,20,1,1,7,1,0
35,扩建联盟费,新扩充到30人联盟费！,30,1,1,7,1,0
36,扩建联盟费,新扩充到40人联盟费！,40,1,1,7,1,0
37,扩建联盟费,新扩充到50人联盟费！,60,1,1,7,1,0
38,扩建联盟费,新扩充到60人联盟费！,80,1,1,7,1,0
39,扩建联盟费,新扩充到70人联盟费！,140,1,1,7,1,0
40,扩建联盟费,新扩充到80人联盟费！,300,1,1,7,1,0
41,扩建联盟费,新扩充到90人联盟费！,300,1,1,7,1,0
42,扩建联盟费,新扩充到100人联盟费！,500,1,1,7,1,0
43,扩建联盟费,新扩充到30人联盟费！,30,1,1,7,1,0
44,扩建联盟费,新扩充到40人联盟费！,40,1,1,7,1,0
45,扩建联盟费,新扩充到50人联盟费！,60,1,1,7,1,0
46,扩建联盟费,新扩充到60人联盟费！,80,1,1,7,1,0
47,扩建联盟费,新扩充到70人联盟费！,140,1,1,7,1,0
48,扩建联盟费,新扩充到80人联盟费！,300,1,1,7,1,0
49,扩建联盟费,新扩充到90人联盟费！,300,1,1,7,1,0
50,扩建联盟费,新扩充到100人联盟费！,500,1,1,7,1,0
51,扩建联盟费,新扩充到40人联盟费！,40,1,1,7,1,0
52,扩建联盟费,新扩充到50人联盟费！,60,1,1,7,1,0
53,扩建联盟费,新扩充到60人联盟费！,80,1,1,7,1,0
54,扩建联盟费,新扩充到70人联盟费！,140,1,1,7,1,0
55,扩建联盟费,新扩充到80人联盟费！,300,1,1,7,1,0
56,扩建联盟费,新扩充到90人联盟费！,300,1,1,7,1,0
57,扩建联盟费,新扩充到100人联盟费！,500,1,1,7,1,0
58,扩建联盟费,新扩充到50人联盟费！,60,1,1,7,1,0
59,扩建联盟费,新扩充到60人联盟费！,80,1,1,7,1,0
60,扩建联盟费,新扩充到70人联盟费！,140,1,1,7,1,0
61,扩建联盟费,新扩充到80人联盟费！,300,1,1,7,1,0
62,扩建联盟费,新扩充到90人联盟费！,300,1,1,7,1,0
63,扩建联盟费,新扩充到100人联盟费！,500,1,1,7,1,0
64,扩建联盟费,新扩充到60人联盟费！,80,1,1,7,1,0
65,扩建联盟费,新扩充到70人联盟费！,140,1,1,7,1,0
66,扩建联盟费,新扩充到80人联盟费！,300,1,1,7,1,0
67,扩建联盟费,新扩充到90人联盟费！,300,1,1,7,1,0
68,扩建联盟费,新扩充到100人联盟费！,500,1,1,7,1,0
69,扩建联盟费,新扩充到70人联盟费！,140,1,1,7,1,0
70,扩建联盟费,新扩充到80人联盟费！,300,1,1,7,1,0
71,扩建联盟费,新扩充到90人联盟费！,300,1,1,7,1,0
72,扩建联盟费,新扩充到100人联盟费！,500,1,1,7,1,0
73,扩建联盟费,新扩充到80人联盟费！,300,1,1,7,1,0
74,扩建联盟费,新扩充到90人联盟费！,300,1,1,7,1,0
75,扩建联盟费,新扩充到100人联盟费！,500,1,1,7,1,0
76,扩建联盟费,新扩充到90人联盟费！,300,1,1,7,1,0
77,扩建联盟费,新扩充到100人联盟费！,500,1,1,7,1,0
78,扩建联盟费,新扩充到100人联盟费！,500,1,1,7,1,0
101,20点卷,20点卷,60,1,10,3,2,101
102,200点卷,200点卷,300,1,10,3,2,102
103,1000点卷,1000点卷,1280,1,10,3,2,103
104,5000点卷,5000点卷,2580,1,10,3,2,104
108,MINI版欧洲野牛客运,,880,1,64,1,1,108
109,限时版欧洲野牛客运,,3080,1,64,1,1,109
110,MINI版欧洲野牛货运,,880,1,64,1,1,110
111,限时版欧洲野牛货运,,3080,1,64,1,1,111
112,MINI版欧洲野牛客货运,,1280,1,64,1,1,112
113,限时版欧洲野牛客货运,,4880,1,64,1,1,113
114,青藏铁路NJ2客运型,青藏铁路NJ2客运型,1280,1,64,1,1,114
115,青藏铁路NJ2货运型,青藏铁路NJ2货运型,1280,1,64,1,1,115
116,青藏铁路NJ2客货两用,青藏铁路NJ2客货两用,2580,1,64,1,1,116
117,法国TGV客运型,法国TGV客运型,1580,1,64,1,1,117
118,法国TGV货运型,法国TGV货运型,1580,1,64,1,1,118
119,法国TGV客货两用,法国TGV客货两用,3080,1,64,1,1,119
120,韶山8型客货两用,韶山8型客货两用,450,1,64,1,1,120
121,韶山7E型客货两用,韶山7E型客货两用,730,1,64,1,1,121
122,神州型客货两用,神州型客货两用,260,1,64,1,1,122
123,大男孩蒸汽车客运型,,300,1,64,1,1,123
124,大男孩蒸汽车货运型,,300,1,64,1,1,124
125,大男孩蒸汽车客货运型,,195,1,64,1,1,125
126,法国TGV熊猫版客运型,,1200,1,64,1,1,126
127,法国TGV熊猫版货运型,,1200,1,64,1,1,127
128,法国TGV熊猫版客货两用,,325,1,64,1,1,128
129,万圣节版神州客货两用,,4180,1,64,1,1,129
133,空军版运20客货运型,,5180,1,64,1,1,133
135,环球8000客运型,环球8000客运型,1000,1,64,1,1,135
136,环球8000货运型,环球8000货运型,1000,1,64,1,1,136
137,环球8000客货型,环球8000客货型,585,1,64,1,1,137
138,56宝石,立刻获得56宝石,6,1,10,3,2,138
139,228宝石,立刻获得228宝石,25,1,10,3,2,139
140,796宝石,立刻获得796宝石,78,1,10,3,2,140
141,1348宝石,立刻获得1348宝石,128,1,10,3,2,141
142,2043宝石,立刻获得2043宝石,188,1,10,3,2,142
143,2899宝石,立刻获得2899宝石,258,1,10,3,2,143
144,4676宝石,立刻获得4676宝石,388,1,10,3,2,144
145,8725宝石,立刻获得8725宝石,648,1,10,3,2,145
146,野鸭号客货型,,200,1,64,1,1,146
147,神州货运型,,1680,1,64,1,1,147
148,美食火车双节版,,130,1,64,1,1,148
149,大黄鸭客货型,,130,1,64,1,1,149
150,圣诞版AVE客运型,,1720,1,64,1,1,150
151,圣诞版AVE货运型,,1720,1,64,1,1,151
152,圣诞版AVE客货运型,,3500,1,64,1,1,152
153,60电池包,,48,1,1,3,2,153
154,330电池包,,238,1,1,3,2,154
155,688电池包,,448,1,1,3,2,155
156,1426电池包,,798,1,1,3,2,156
157,NZJ1春节客货型,,5180,1,64,1,1,157
158,NZJ1春节客运型,,2988,1,64,1,1,158
159,NZJ1春节货运型,,2988,1,64,1,1,159
180,超值礼包1,,250,1,1,2,1,180
181,超值礼包2,,1250,1,1,2,1,181
182,Regina电力客运型,,1000,1,64,1,1,182
183,Regina电力货运型,,1000,1,64,1,1,183
184,Regina电力客货型,,455,1,64,1,1,184
185,美国MP36PH_3S客运型,,2360,1,64,1,1,185
186,美国MP36PH_3S货运型,,2360,1,64,1,1,186
187,美国MP36PH_3S客货型,,4688,1,64,1,1,187
188,CKD9B柴油机车客型,,455,1,64,1,1,188
189,CKD9B柴油机车货型,,455,1,64,1,1,189
190,CKD9B柴油机客货型,,455,1,64,1,1,190
191,英铁374电力动车客运,,780,1,64,1,1,191
192,英铁374电力动车货运,,780,1,64,1,1,192
193,英铁374电力动车客货运,,780,1,64,1,1,193
194,中原之星国庆版客货型,,2899,1,64,1,1,194
195,中原之星国庆版纯客型,,2173,1,64,1,1,195
196,中原之星国庆版纯货型,,2173,1,64,1,1,196
197,日本国铁机器猫客型,,2999,1,64,1,1,197
198,日本国铁机器猫货型,,2999,1,64,1,1,198
199,日本国铁机器猫客货型,,3999,1,64,1,1,199
200,ETS圣诞版客型,,2999,1,64,1,1,200
201,ETS圣诞版货型,,2999,1,64,1,1,201
202,ETS圣诞版客货型,,3999,1,64,1,1,202
203,窜天猴吉祥号客型,,2999,1,64,1,1,203
204,窜天猴吉祥号货型,,2999,1,64,1,1,204
205,窜天猴吉祥号客货型,,3999,1,64,1,1,205
206,SJ2000高速列车客型,,910,1,64,1,1,206
207,SJ2000高速列车货型,,910,1,64,1,1,207
208,SJ2000高速列车客货型,,910,1,64,1,1,208
209,晋龙号客型,,2999,1,64,1,1,209
210,晋龙号货型,,2999,1,64,1,1,210
211,晋龙号客货型,,3999,1,64,1,1,211
212,普通司机,,400,1,1,9,1,212
213,甲铁城蒸汽列车客型,,2999,1,64,1,1,213
214,甲铁城蒸汽列车货型,,2999,1,64,1,1,214
215,甲铁城蒸汽列车客货型,,3999,1,64,1,1,215
216,CRH-0207奥运涂装客型,,2999,1,64,1,1,216
217,CRH-0207奥运涂装货型,,2999,1,64,1,1,217
218,CRH-0207奥运涂装客货型,,3999,1,64,1,1,218
219,5045红宝石,立刻获得5045红宝石,5600,1,10,10,2,219
220,105红宝石,立刻获得105红宝石,158,1,10,10,2,220
221,525红宝石,立刻获得525红宝石,700,1,10,10,2,221
222,2045红宝石,立刻获得2045红石,2640,1,10,10,2,222
223,CRH-0503国庆涂装客型,,3800,1,64,1,1,223
224,CRH-0503国庆涂装货型,,3800,1,64,1,1,224
225,CRH-0503国庆涂装客货型,,3999,1,64,1,1,225
226,投资点卷,,1799,1,1,3,1,226
227,投资火车,,2800,1,1,3,1,227
228,CRH-0207圣诞节客型,,1099,1,64,1,1,228
229,CRH-0207圣诞节货型,,1099,1,64,1,1,229
230,CRH-0207圣诞节客货型,,1299,1,64,1,1,230
231,2017生肖涂装客型,,1466,1,64,1,1,231
232,2017生肖涂装货型,,1466,1,64,1,1,232
233,2017生肖涂装客货型,,2054,1,64,1,1,233
234,英铁Class395客型,,1350,1,64,1,1,234
235,英铁Class395货型,,1350,1,64,1,1,235
236,英铁Class395客货型,,1350,1,64,1,1,236
237,MLU001磁浮列车客运型,,2000,1,64,1,1,237
238,MLU001磁浮列车货运型,,2000,1,64,1,1,238
239,MLU001磁浮列车客货型,,2000,1,64,1,1,239
240,复兴号客运型,复兴号客运型,2600,1,64,1,1,240
241,复兴号货运型,复兴号货运型,2600,1,64,1,1,241
242,复兴号客货型,复兴号客货型,2800,1,64,1,1,242
243,JR磁悬浮客货型,JR磁悬浮客货型,2000,1,64,1,1,243
244,E657系电车客运型,E657系电车客运型,900,1,64,1,1,244
245,E657系电车货运型,E657系电车货运型,900,1,64,1,1,245
246,E657系电车客货型,E657系电车客货型,1000,1,64,1,1,246
247,西门子Velaro RUS CHS8客运型,西门子Velaro RUS CHS8客运型,888,1,64,1,1,247
248,西门子Velaro RUS CHS8货运型,西门子Velaro RUS CHS8货运型,888,1,64,1,1,248
249,西门子Velaro RUS CHS8客货型,西门子Velaro RUS CHS8客货型,888,1,64,1,1,249
250,月卡,月卡,800,1,1,2,1,0
251,周卡,周卡,240,1,1,2,1,0
252,大力士高速列车客运型,大力士高速列车客运型,1500,1,64,1,1,252
253,大力士高速列车货运型,大力士高速列车货运型,1500,1,64,1,1,253
254,大力士高速列车客货型,大力士高速列车客货型,1500,1,64,1,1,254
255,CRH2-168A动车组客运型,CRH2-168A动车组客运型,1500,1,64,1,1,255
256,CRH2-168A动车组货运型,CRH2-168A动车组货运型,1500,1,64,1,1,256
257,CRH2-168A动车组客货型,CRH2-168A动车组客货型,1500,1,64,1,1,257
258,世界杯涂装火车客运型,世界杯涂装火车客运型,1500,1,64,1,1,258
259,世界杯涂装火车货运型,世界杯涂装火车货运型,1500,1,64,1,1,259
260,世界杯涂装火车客货型,世界杯涂装火车客货型,1500,1,64,1,1,260
261,高级点卷投资,高级点卷投资,5160,1,1,3,1,261
262,高级红宝石投资,高级红宝石投资,5600,1,1,3,1,262
263,高级机车投资,高级机车投资,6160,1,1,3,1,263
264,无,无,600,1,64,1,1,264
265,无,无,600,1,64,1,1,265
266,无,无,600,1,64,1,1,266
267,车厢_孔雀石3ES8型电力机车客运型,车厢_孔雀石3ES8型电力机车客运型,120,1,32,11,1,267
268,底盘_孔雀石3ES8型电力机车客运型,底盘_孔雀石3ES8型电力机车客运型,120,1,32,11,1,268
269,车头_孔雀石3ES8型电力机车客运型,车头_孔雀石3ES8型电力机车客运型,120,1,32,11,1,269
270,图纸_孔雀石3ES8型电力机车客运型,图纸_孔雀石3ES8型电力机车客运型,120,1,32,11,1,270
271,车厢_孔雀石3ES8型电力机车货运型,车厢_孔雀石3ES8型电力机车货运型,120,1,32,11,1,271
272,底盘_孔雀石3ES8型电力机车货运型,底盘_孔雀石3ES8型电力机车货运型,120,1,32,11,1,272
273,车头_孔雀石3ES8型电力机车货运型,车头_孔雀石3ES8型电力机车货运型,120,1,32,11,1,273
274,图纸_孔雀石3ES8型电力机车货运型,图纸_孔雀石3ES8型电力机车货运型,120,1,32,11,1,274
275,车厢_孔雀石3ES8型电力机车客货型,车厢_孔雀石3ES8型电力机车客货型,120,1,32,11,1,275
276,底盘_孔雀石3ES8型电力机车客货型,底盘_孔雀石3ES8型电力机车客货型,120,1,32,11,1,276
277,车头_孔雀石3ES8型电力机车客货型,车头_孔雀石3ES8型电力机车客货型,120,1,32,11,1,277
278,图纸_孔雀石3ES8型电力机车客货型,图纸_孔雀石3ES8型电力机车客货型,120,1,32,11,1,278
279,2018中秋涂装高速列车客运型,2018中秋涂装高速列车客运型,2000,1,64,1,1,279
280,2018中秋涂装高速列车货运型,2018中秋涂装高速列车货运型,2000,1,64,1,1,280
281,2018中秋涂装高速列车客货型,2018中秋涂装高速列车客货型,2000,1,64,1,1,281
282,2018双十一涂装高速列车客运型,2018双十一涂装高速列车客运型,700,1,64,1,1,282
283,2018双十一涂装高速列车货运型,2018双十一涂装高速列车货运型,700,1,64,1,1,283
284,2018双十一涂装高速列车客货型,2018双十一涂装高速列车客货型,700,1,64,1,1,284
285,2018圣诞涂装高速列车客运型,2018圣诞涂装高速列车客运型,600,1,64,1,1,285
286,2018圣诞涂装高速列车货运型,2018圣诞涂装高速列车货运型,600,1,64,1,1,286
287,2018圣诞涂装高速列车客货型,2018圣诞涂装高速列车客货型,600,1,64,1,1,287
288,CR200J型复兴号动车组客货型,CR200J型复兴号动车组客货型,500,1,64,1,1,288
289,E655皇室专列客运型,E655皇室专列客运型,2000,1,64,1,1,289
290,E655皇室专列货运型,E655皇室专列货运型,2000,1,64,1,1,290
291,E655皇室专列客货型,E655皇室专列客货型,2000,1,64,1,1,291
292,CR200J型复兴号动车组货运型,CR200J型复兴号动车组货运型,500,1,64,1,1,292
293,CR200J型复兴号动车组客运型,CR200J型复兴号动车组客运型,500,1,64,1,1,293
294,THSR 700T 客运型,THSR 700T 客运型,250,1,64,1,1,294
295,THSR 700T货运型,THSR 700T货运型,250,1,64,1,1,295
296,THSR 700T 客货型,THSR 700T 客货型,250,1,64,1,1,296
297,OUIGO客运型,OUIGO客运型,1000,1,64,1,1,297
298,OUIGO货运型,OUIGO货运型,1000,1,64,1,1,298
299,OUIGO客货型,OUIGO客货型,1000,1,64,1,1,299
300,瑞丰号客运型,瑞丰号客运型,750,1,64,1,1,300
301,瑞丰号货运型,瑞丰号货运型,750,1,64,1,1,301
302,瑞丰号客货型,瑞丰号客货型,750,1,64,1,1,302
303,水晶景观客客运型,水晶景观客客运型,780,1,64,1,1,303
304,水晶景观客货运型,水晶景观客货运型,780,1,64,1,1,304
305,水晶景观客客货型,水晶景观客客货型,780,1,64,1,1,305
306,2019八一涂装客客运型,2019八一涂装客客运型,650,1,64,1,1,306
307,2019八一涂装客货运型,2019八一涂装客货运型,650,1,64,1,1,307
308,2019八一涂装客客货型,2019八一涂装客客货型,650,1,64,1,1,308
309,TGV Lyria客客运型,TGV Lyria客客运型,2800,1,64,1,1,309
310,TGV Lyria客货运型,TGV Lyria客货运型,2800,1,64,1,1,310
311,TGV Lyria客客货型,TGV Lyria客客货型,2800,1,64,1,1,311
312,2019中秋涂装客客运型,2019中秋涂装客客运型,650,1,64,1,1,312
313,2019中秋涂装客货运型,2019中秋涂装客货运型,650,1,64,1,1,313
314,2019中秋涂装客客货型,2019中秋涂装客客货型,650,1,64,1,1,314
315,2019国庆涂装客客运型,2019国庆涂装客客运型,700,1,64,1,1,315
316,2019国庆涂装客货运型,2019国庆涂装客货运型,700,1,64,1,1,316
317,2019国庆涂装客客货型,2019国庆涂装客客货型,700,1,64,1,1,317
318,2019万圣节涂装客客运型,2019万圣节涂装客客运型,520,1,64,1,1,318
319,2019万圣节涂装客货运型,2019万圣节涂装客货运型,520,1,64,1,1,319
320,2019万圣节涂装客客货型,2019万圣节涂装客客货型,520,1,64,1,1,320
321,2020元旦涂装客客运型,2020元旦涂装客客运型,520,1,64,1,1,321
322,2020元旦涂装客货运型,2020元旦涂装客货运型,520,1,64,1,1,322
323,2020元旦涂装客客货型,2020元旦涂装客客货型,520,1,64,1,1,323
324,限时礼包1,限时礼包1,2500,1,1,2,1,324
325,限时礼包2,限时礼包2,3750,1,1,2,1,325
326,限时礼包3,限时礼包3,3750,1,1,2,1,326
327,四季岛号客运型,四季岛号客运型,728,1,64,1,1,327
328,四季岛号货运型,四季岛号货运型,728,1,64,1,1,328
329,四季岛号客货型,四季岛号客货型,728,1,64,1,1,329
330,熊猫空铁客运型,熊猫空铁客运型,400,1,64,1,1,330
331,熊猫空铁货运型,熊猫空铁货运型,400,1,64,1,1,331
332,熊猫空铁客货型,熊猫空铁客货型,400,1,64,1,1,332
333,折扣券：1折券,折扣券：1折券,4000,1,1,14,1,333
334,折扣券：2折券,折扣券：2折券,3000,1,1,14,1,334
335,折扣券：3折券,折扣券：3折券,2000,1,1,14,1,335
336,折扣券：4折券,折扣券：4折券,1000,1,1,14,1,336
337,折扣券：5折券,折扣券：5折券,835,1,1,14,1,337
338,10000点券,10000点券,2580,1,1,12,1,338
339,20000点券,20000点券,5160,1,1,12,1,339
340,30000点券,30000点券,7740,1,1,12,1,340
341,10000红宝石,10000红宝石,5000,1,1,12,1,341
342,20000红宝石,20000红宝石,10000,1,1,12,1,342
343,30000红宝石,30000红宝石,15000,1,1,12,1,343
344,2019八一涂装客运型*32,2019八一涂装客运型*32,19200,1,1,12,1,344
345,2019八一涂装货运型*32,2019八一涂装货运型*32,19200,1,1,12,1,345
346,2019八一涂装客货型*32,2019八一涂装客货型*32,19200,1,1,12,1,346
347,E655皇室专列客运型*32,E655皇室专列客运型*32,19200,1,1,12,1,347
348,E655皇室专列货运型*32,E655皇室专列货运型*32,19200,1,1,12,1,348
349,E655皇室专列客货型*32,E655皇室专列客货型*32,19200,1,1,12,1,349
350,THSR 700T客运型*32,THSR 700T客运型*32,20800,1,1,12,1,350
351,THSR 700T货运型*32,THSR 700T货运型*32,20800,1,1,12,1,351
352,THSR 700T客货型*32,THSR 700T客货型*32,20800,1,1,12,1,352
353,2019中秋涂装客运型*32,2019中秋涂装客运型*32,20800,1,1,12,1,353
354,2019中秋涂装货运型*32,2019中秋涂装货运型*32,20800,1,1,12,1,354
355,2019中秋涂装客货型*32,2019中秋涂装客货型*32,20800,1,1,12,1,355
356,2019万圣节涂装客运型*32,2019万圣节涂装客运型*32,20800,1,1,12,1,356
357,2019万圣节涂装货运型*32,2019万圣节涂装货运型*32,20800,1,1,12,1,357
358,2019万圣节涂装客货型*32,2019万圣节涂装客货型*32,20800,1,1,12,1,358
359,2020鼠年涂装客运型*32,2020鼠年涂装客运型*32,22400,1,1,12,1,359
360,2020鼠年涂装货运型*32,2020鼠年涂装货运型*32,22400,1,1,12,1,360
361,2020鼠年涂装客货型*32,2020鼠年涂装客货型*32,22400,1,1,12,1,361
362,10000点券,10000点券,258,1,1,13,1,362
363,20000点券,20000点券,516,1,1,13,1,363
364,30000点券,30000点券,774,1,1,13,1,364
365,10000红宝石,10000红宝石,500,1,1,13,1,365
366,20000红宝石,20000红宝石,1000,1,1,13,1,366
367,30000红宝石,30000红宝石,1500,1,1,13,1,367
368,2019八一涂装客运型*32,2019八一涂装客运型*32,1920,1,1,13,1,368
369,2019八一涂装货运型*32,2019八一涂装货运型*32,1920,1,1,13,1,369
370,2019八一涂装客货型*32,2019八一涂装客货型*32,1920,1,1,13,1,370
371,E655皇室专列客运型*32,E655皇室专列客运型*32,1920,1,1,13,1,371
372,E655皇室专列货运型*32,E655皇室专列货运型*32,1920,1,1,13,1,372
373,E655皇室专列客货型*32,E655皇室专列客货型*32,1920,1,1,13,1,373
374,THSR 700T客运型*32,THSR 700T客运型*32,2080,1,1,13,1,374
375,THSR 700T货运型*32,THSR 700T货运型*32,2080,1,1,13,1,375
376,THSR 700T客货型*32,THSR 700T客货型*32,2080,1,1,13,1,376
377,2019中秋涂装客运型*32,2019中秋涂装客运型*32,2080,1,1,13,1,377
378,2019中秋涂装货运型*32,2019中秋涂装货运型*32,2080,1,1,13,1,378
379,2019中秋涂装客货型*32,2019中秋涂装客货型*32,2080,1,1,13,1,379
380,2019万圣节涂装客运型*32,2019万圣节涂装客运型*32,2080,1,1,13,1,380
381,2019万圣节涂装货运型*32,2019万圣节涂装货运型*32,2080,1,1,13,1,381
382,2019万圣节涂装客货型*32,2019万圣节涂装客货型*32,2080,1,1,13,1,382
383,2020鼠年涂装客运型*32,2020鼠年涂装客运型*32,2240,1,1,13,1,383
384,2020鼠年涂装货运型*32,2020鼠年涂装货运型*32,2240,1,1,13,1,384
385,2020鼠年涂装客货型*32,2020鼠年涂装客货型*32,2240,1,1,13,1,385
386,10000点券,10000点券,516,1,1,13,1,386
387,20000点券,20000点券,1032,1,1,13,1,387
388,30000点券,30000点券,1548,1,1,13,1,388
389,10000红宝石,10000红宝石,1000,1,1,13,1,389
390,20000红宝石,20000红宝石,2000,1,1,13,1,390
391,30000红宝石,30000红宝石,3000,1,1,13,1,391
392,2019八一涂装客运型*32,2019八一涂装客运型*32,3840,1,1,13,1,392
393,2019八一涂装货运型*32,2019八一涂装货运型*32,3840,1,1,13,1,393
394,2019八一涂装客货型*32,2019八一涂装客货型*32,3840,1,1,13,1,394
395,E655皇室专列客运型*32,E655皇室专列客运型*32,3840,1,1,13,1,395
396,E655皇室专列货运型*32,E655皇室专列货运型*32,3840,1,1,13,1,396
397,E655皇室专列客货型*32,E655皇室专列客货型*32,3840,1,1,13,1,397
398,THSR 700T客运型*32,THSR 700T客运型*32,4160,1,1,13,1,398
399,THSR 700T货运型*32,THSR 700T货运型*32,4160,1,1,13,1,399
400,THSR 700T客货型*32,THSR 700T客货型*32,4160,1,1,13,1,400
401,2019中秋涂装客运型*32,2019中秋涂装客运型*32,4160,1,1,13,1,401
402,2019中秋涂装货运型*32,2019中秋涂装货运型*32,4160,1,1,13,1,402
403,2019中秋涂装客货型*32,2019中秋涂装客货型*32,4160,1,1,13,1,403
404,2019万圣节涂装客运型*32,2019万圣节涂装客运型*32,4160,1,1,13,1,404
405,2019万圣节涂装货运型*32,2019万圣节涂装货运型*32,4160,1,1,13,1,405
406,2019万圣节涂装客货型*32,2019万圣节涂装客货型*32,4160,1,1,13,1,406
407,2020鼠年涂装客运型*32,2020鼠年涂装客运型*32,4480,1,1,13,1,407
408,2020鼠年涂装货运型*32,2020鼠年涂装货运型*32,4480,1,1,13,1,408
409,2020鼠年涂装客货型*32,2020鼠年涂装客货型*32,4480,1,1,13,1,409
410,10000点券,10000点券,774,1,1,13,1,410
411,20000点券,20000点券,1548,1,1,13,1,411
412,30000点券,30000点券,2322,1,1,13,1,412
413,10000红宝石,10000红宝石,1500,1,1,13,1,413
414,20000红宝石,20000红宝石,3000,1,1,13,1,414
415,30000红宝石,30000红宝石,4500,1,1,13,1,415
416,2019八一涂装客运型*32,2019八一涂装客运型*32,5760,1,1,13,1,416
417,2019八一涂装货运型*32,2019八一涂装货运型*32,5760,1,1,13,1,417
418,2019八一涂装客货型*32,2019八一涂装客货型*32,5760,1,1,13,1,418
419,E655皇室专列客运型*32,E655皇室专列客运型*32,5760,1,1,13,1,419
420,E655皇室专列货运型*32,E655皇室专列货运型*32,5760,1,1,13,1,420
421,E655皇室专列客货型*32,E655皇室专列客货型*32,5760,1,1,13,1,421
422,THSR 700T客运型*32,THSR 700T客运型*32,6240,1,1,13,1,422
423,THSR 700T货运型*32,THSR 700T货运型*32,6240,1,1,13,1,423
424,THSR 700T客货型*32,THSR 700T客货型*32,6240,1,1,13,1,424
425,2019中秋涂装客运型*32,2019中秋涂装客运型*32,6240,1,1,13,1,425
426,2019中秋涂装货运型*32,2019中秋涂装货运型*32,6240,1,1,13,1,426
427,2019中秋涂装客货型*32,2019中秋涂装客货型*32,6240,1,1,13,1,427
428,2019万圣节涂装客运型*32,2019万圣节涂装客运型*32,6240,1,1,13,1,428
429,2019万圣节涂装货运型*32,2019万圣节涂装货运型*32,6240,1,1,13,1,429
430,2019万圣节涂装客货型*32,2019万圣节涂装客货型*32,6240,1,1,13,1,430
431,2020鼠年涂装客运型*32,2020鼠年涂装客运型*32,6720,1,1,13,1,431
432,2020鼠年涂装货运型*32,2020鼠年涂装货运型*32,6720,1,1,13,1,432
433,2020鼠年涂装客货型*32,2020鼠年涂装客货型*32,6720,1,1,13,1,433
434,10000点券,10000点券,1032,1,1,13,1,434
435,20000点券,20000点券,2064,1,1,13,1,435
436,30000点券,30000点券,3096,1,1,13,1,436
437,10000红宝石,10000红宝石,2000,1,1,13,1,437
438,20000红宝石,20000红宝石,4000,1,1,13,1,438
439,30000红宝石,30000红宝石,6000,1,1,13,1,439
440,2019八一涂装客运型*32,2019八一涂装客运型*32,7680,1,1,13,1,440
441,2019八一涂装货运型*32,2019八一涂装货运型*32,7680,1,1,13,1,441
442,2019八一涂装客货型*32,2019八一涂装客货型*32,7680,1,1,13,1,442
443,E655皇室专列客运型*32,E655皇室专列客运型*32,7680,1,1,13,1,443
444,E655皇室专列货运型*32,E655皇室专列货运型*32,7680,1,1,13,1,444
445,E655皇室专列客货型*32,E655皇室专列客货型*32,7680,1,1,13,1,445
446,THSR 700T客运型*32,THSR 700T客运型*32,8320,1,1,13,1,446
447,THSR 700T货运型*32,THSR 700T货运型*32,8320,1,1,13,1,447
448,THSR 700T客货型*32,THSR 700T客货型*32,8320,1,1,13,1,448
449,2019中秋涂装客运型*32,2019中秋涂装客运型*32,8320,1,1,13,1,449
450,2019中秋涂装货运型*32,2019中秋涂装货运型*32,8320,1,1,13,1,450
451,2019中秋涂装客货型*32,2019中秋涂装客货型*32,8320,1,1,13,1,451
452,2019万圣节涂装客运型*32,2019万圣节涂装客运型*32,8320,1,1,13,1,452
453,2019万圣节涂装货运型*32,2019万圣节涂装货运型*32,8320,1,1,13,1,453
454,2019万圣节涂装客货型*32,2019万圣节涂装客货型*32,8320,1,1,13,1,454
455,2020鼠年涂装客运型*32,2020鼠年涂装客运型*32,8960,1,1,13,1,455
456,2020鼠年涂装货运型*32,2020鼠年涂装货运型*32,8960,1,1,13,1,456
457,2020鼠年涂装客货型*32,2020鼠年涂装客货型*32,8960,1,1,13,1,457
458,10000点券,10000点券,1290,1,1,13,1,458
459,20000点券,20000点券,2580,1,1,13,1,459
460,30000点券,30000点券,3870,1,1,13,1,460
461,10000红宝石,10000红宝石,2500,1,1,13,1,461
462,20000红宝石,20000红宝石,5000,1,1,13,1,462
463,30000红宝石,30000红宝石,7500,1,1,13,1,463
464,2019八一涂装客运型*32,2019八一涂装客运型*32,9600,1,1,13,1,464
465,2019八一涂装货运型*32,2019八一涂装货运型*32,9600,1,1,13,1,465
466,2019八一涂装客货型*32,2019八一涂装客货型*32,9600,1,1,13,1,466
467,E655皇室专列客运型*32,E655皇室专列客运型*32,9600,1,1,13,1,467
468,E655皇室专列货运型*32,E655皇室专列货运型*32,9600,1,1,13,1,468
469,E655皇室专列客货型*32,E655皇室专列客货型*32,9600,1,1,13,1,469
470,THSR 700T客运型*32,THSR 700T客运型*32,10400,1,1,13,1,470
471,THSR 700T货运型*32,THSR 700T货运型*32,10400,1,1,13,1,471
472,THSR 700T客货型*32,THSR 700T客货型*32,10400,1,1,13,1,472
473,2019中秋涂装客运型*32,2019中秋涂装客运型*32,10400,1,1,13,1,473
474,2019中秋涂装货运型*32,2019中秋涂装货运型*32,10400,1,1,13,1,474
475,2019中秋涂装客货型*32,2019中秋涂装客货型*32,10400,1,1,13,1,475
476,2019万圣节涂装客运型*32,2019万圣节涂装客运型*32,10400,1,1,13,1,476
477,2019万圣节涂装货运型*32,2019万圣节涂装货运型*32,10400,1,1,13,1,477
478,2019万圣节涂装客货型*32,2019万圣节涂装客货型*32,10400,1,1,13,1,478
479,2020鼠年涂装客运型*32,2020鼠年涂装客运型*32,11200,1,1,13,1,479
480,2020鼠年涂装货运型*32,2020鼠年涂装货运型*32,11200,1,1,13,1,480
481,2020鼠年涂装客货型*32,2020鼠年涂装客货型*32,11200,1,1,13,1,481
482,JR九州某列车客运型,JR九州某列车客运型,400,1,64,1,1,482
483,JR九州某列车货运型,JR九州某列车货运型,400,1,64,1,1,483
484,JR九州某列车客货型,JR九州某列车客货型,400,1,64,1,1,484
485,2019国庆涂装客运型*32,2019国庆涂装客运型*32,24000,1,1,12,1,485
486,2019国庆涂装货运型*32,2019国庆涂装货运型*32,24000,1,1,12,1,486
487,2019国庆涂装客货型*32,2019国庆涂装客货型*32,24000,1,1,12,1,487
488,四季岛号客运型*32,四季岛号客运型*32,33600,1,1,12,1,488
489,四季岛号货运型*32,四季岛号货运型*32,33600,1,1,12,1,489
490,四季岛号客货型*32,四季岛号客货型*32,33600,1,1,12,1,490
491,2019国庆涂装客运型*32,2019国庆涂装客运型*32,2400,1,1,13,1,491
492,2019国庆涂装货运型*32,2019国庆涂装货运型*32,2400,1,1,13,1,492
493,2019国庆涂装客货型*32,2019国庆涂装客货型*32,2400,1,1,13,1,493
494,四季岛号客运型*32,四季岛号客运型*32,3360,1,1,13,1,494
495,四季岛号货运型*32,四季岛号货运型*32,3360,1,1,13,1,495
496,四季岛号客货型*32,四季岛号客货型*32,3360,1,1,13,1,496
497,2019国庆涂装客运型*32,2019国庆涂装客运型*32,4800,1,1,13,1,497
498,2019国庆涂装货运型*32,2019国庆涂装货运型*32,4800,1,1,13,1,498
499,2019国庆涂装客货型*32,2019国庆涂装客货型*32,4800,1,1,13,1,499
500,四季岛号客运型*32,四季岛号客运型*32,6720,1,1,13,1,500
501,四季岛号货运型*32,四季岛号货运型*32,6720,1,1,13,1,501
502,四季岛号客货型*32,四季岛号客货型*32,6720,1,1,13,1,502
503,2019国庆涂装客运型*32,2019国庆涂装客运型*32,7200,1,1,13,1,503
504,2019国庆涂装货运型*32,2019国庆涂装货运型*32,7200,1,1,13,1,504
505,2019国庆涂装客货型*32,2019国庆涂装客货型*32,7200,1,1,13,1,505
506,四季岛号客运型*32,四季岛号客运型*32,10080,1,1,13,1,506
507,四季岛号货运型*32,四季岛号货运型*32,10080,1,1,13,1,507
508,四季岛号客货型*32,四季岛号客货型*32,10080,1,1,13,1,508
509,2019国庆涂装客运型*32,2019国庆涂装客运型*32,9600,1,1,13,1,509
510,2019国庆涂装货运型*32,2019国庆涂装货运型*32,9600,1,1,13,1,510
511,2019国庆涂装客货型*32,2019国庆涂装客货型*32,9600,1,1,13,1,511
512,四季岛号客运型*32,四季岛号客运型*32,13440,1,1,13,1,512
513,四季岛号货运型*32,四季岛号货运型*32,13440,1,1,13,1,513
514,四季岛号客货型*32,四季岛号客货型*32,13440,1,1,13,1,514
515,2019国庆涂装客运型*32,2019国庆涂装客运型*32,12000,1,1,13,1,515
516,2019国庆涂装货运型*32,2019国庆涂装货运型*32,12000,1,1,13,1,516
517,2019国庆涂装客货型*32,2019国庆涂装客货型*32,12000,1,1,13,1,517
518,四季岛号客运型*32,四季岛号客运型*32,16800,1,1,13,1,518
519,四季岛号货运型*32,四季岛号货运型*32,16800,1,1,13,1,519
520,四季岛号客货型*32,四季岛号客货型*32,16800,1,1,13,1,520
521,CR300BF蓝色涂装客运型,CR300BF蓝色涂装客运型,700,1,64,1,1,521
522,CR300BF蓝色涂装货运型,CR300BF蓝色涂装货运型,700,1,64,1,1,522
523,CR300BF蓝色涂装客货型,CR300BF蓝色涂装客货型,700,1,64,1,1,523
524,CRH2-043A动车组涂装客运型,CRH2-043A动车组涂装客运型,400,1,64,1,1,524
525,CRH2-043A动车组涂装货运型,CRH2-043A动车组涂装货运型,400,1,64,1,1,525
526,CRH2-043A动车组涂装客货型,CRH2-043A动车组涂装客货型,400,1,64,1,1,526
527,2020端午节涂装客运型,2020端午节涂装客运型,500,1,64,1,1,527
528,2020端午节涂装货运型,2020端午节涂装货运型,500,1,64,1,1,528
529,2020端午节涂装客货型,2020端午节涂装客货型,500,1,64,1,1,529
530,E353系超级梓号客运型,E353系超级梓号客运型,500,1,64,1,1,530
531,E353系超级梓号货运型,E353系超级梓号货运型,500,1,64,1,1,531
532,E353系超级梓号客货型,E353系超级梓号客货型,500,1,64,1,1,532
533,九州七星号客运型,九州七星号客运型,500,1,64,1,1,533
534,九州七星号货运型,九州七星号货运型,500,1,64,1,1,534
535,九州七星号客货型,九州七星号客货型,500,1,64,1,1,535
536,熊猫空铁客运型*32,熊猫空铁客运型*32,22400,1,1,12,1,536
537,熊猫空铁货运型*32,熊猫空铁货运型*32,22400,1,1,12,1,537
538,熊猫空铁客货型*32,熊猫空铁客货型*32,22400,1,1,12,1,538
539,熊猫空铁客运型*32,熊猫空铁客运型*32,2240,1,1,13,1,539
540,熊猫空铁货运型*32,熊猫空铁货运型*32,2240,1,1,13,1,540
541,熊猫空铁客货型*32,熊猫空铁客货型*32,2240,1,1,13,1,541
542,熊猫空铁客运型*32,熊猫空铁客运型*32,4480,1,1,13,1,542
543,熊猫空铁货运型*32,熊猫空铁货运型*32,4480,1,1,13,1,543
544,熊猫空铁客货型*32,熊猫空铁客货型*32,4480,1,1,13,1,544
545,熊猫空铁客运型*32,熊猫空铁客运型*32,6720,1,1,13,1,545
546,熊猫空铁货运型*32,熊猫空铁货运型*32,6720,1,1,13,1,546
547,熊猫空铁客货型*32,熊猫空铁客货型*32,6720,1,1,13,1,547
548,熊猫空铁客运型*32,熊猫空铁客运型*32,8960,1,1,13,1,548
549,熊猫空铁货运型*32,熊猫空铁货运型*32,8960,1,1,13,1,549
550,熊猫空铁客货型*32,熊猫空铁客货型*32,8960,1,1,13,1,550
551,熊猫空铁客运型*32,熊猫空铁客运型*32,11200,1,1,13,1,551
552,熊猫空铁货运型*32,熊猫空铁货运型*32,11200,1,1,13,1,552
553,熊猫空铁客货型*32,熊猫空铁客货型*32,11200,1,1,13,1,553
554,JR九州某列车客运型*32,JR九州某列车客运型*32,22400,1,1,12,1,554
555,JR九州某列车货运型*32,JR九州某列车货运型*32,22400,1,1,12,1,555
556,JR九州某列车客货型*32,JR九州某列车客货型*32,22400,1,1,12,1,556
557,JR九州某列车客运型*32,JR九州某列车客运型*32,2240,1,1,13,1,557
558,JR九州某列车货运型*32,JR九州某列车货运型*32,2240,1,1,13,1,558
559,JR九州某列车客货型*32,JR九州某列车客货型*32,2240,1,1,13,1,559
560,JR九州某列车客运型*32,JR九州某列车客运型*32,4480,1,1,13,1,560
561,JR九州某列车货运型*32,JR九州某列车货运型*32,4480,1,1,13,1,561
562,JR九州某列车客货型*32,JR九州某列车客货型*32,4480,1,1,13,1,562
563,JR九州某列车客运型*32,JR九州某列车客运型*32,6720,1,1,13,1,563
564,JR九州某列车货运型*32,JR九州某列车货运型*32,6720,1,1,13,1,564
565,JR九州某列车客货型*32,JR九州某列车客货型*32,6720,1,1,13,1,565
566,JR九州某列车客运型*32,JR九州某列车客运型*32,8960,1,1,13,1,566
567,JR九州某列车货运型*32,JR九州某列车货运型*32,8960,1,1,13,1,567
568,JR九州某列车客货型*32,JR九州某列车客货型*32,8960,1,1,13,1,568
569,JR九州某列车客运型*32,JR九州某列车客运型*32,11200,1,1,13,1,569
570,JR九州某列车货运型*32,JR九州某列车货运型*32,11200,1,1,13,1,570
571,JR九州某列车客货型*32,JR九州某列车客货型*32,11200,1,1,13,1,571
572,2020五一涂装客运型*32,2020五一涂装客运型*32,22400,1,1,12,1,572
573,2020五一涂装货运型*32,2020五一涂装货运型*32,22400,1,1,12,1,573
574,2020五一涂装客货型*32,2020五一涂装客货型*32,22400,1,1,12,1,574
575,2020五一涂装客运型*32,2020五一涂装客运型*32,2240,1,1,13,1,575
576,2020五一涂装货运型*32,2020五一涂装货运型*32,2240,1,1,13,1,576
577,2020五一涂装客货型*32,2020五一涂装客货型*32,2240,1,1,13,1,577
578,2020五一涂装客运型*32,2020五一涂装客运型*32,4480,1,1,13,1,578
579,2020五一涂装货运型*32,2020五一涂装货运型*32,4480,1,1,13,1,579
580,2020五一涂装客货型*32,2020五一涂装客货型*32,4480,1,1,13,1,580
581,2020五一涂装客运型*32,2020五一涂装客运型*32,6720,1,1,13,1,581
582,2020五一涂装货运型*32,2020五一涂装货运型*32,6720,1,1,13,1,582
583,2020五一涂装客货型*32,2020五一涂装客货型*32,6720,1,1,13,1,583
584,2020五一涂装客运型*32,2020五一涂装客运型*32,8960,1,1,13,1,584
585,2020五一涂装货运型*32,2020五一涂装货运型*32,8960,1,1,13,1,585
586,2020五一涂装客货型*32,2020五一涂装客货型*32,8960,1,1,13,1,586
587,2020五一涂装客运型*32,2020五一涂装客运型*32,11200,1,1,13,1,587
588,2020五一涂装货运型*32,2020五一涂装货运型*32,11200,1,1,13,1,588
589,2020五一涂装客货型*32,2020五一涂装客货型*32,11200,1,1,13,1,589
590,CR300BF蓝色涂装客运型*32,CR300BF蓝色涂装客运型*32,33600,1,1,12,1,590
591,CR300BF蓝色涂装货运型*32,CR300BF蓝色涂装货运型*32,33600,1,1,12,1,591
592,CR300BF蓝色涂装客货型*32,CR300BF蓝色涂装客货型*32,33600,1,1,12,1,592
593,CR300BF蓝色涂装客运型*32,CR300BF蓝色涂装客运型*32,3360,1,1,13,1,593
594,CR300BF蓝色涂装货运型*32,CR300BF蓝色涂装货运型*32,3360,1,1,13,1,594
595,CR300BF蓝色涂装客货型*32,CR300BF蓝色涂装客货型*32,3360,1,1,13,1,595
596,CR300BF蓝色涂装客运型*32,CR300BF蓝色涂装客运型*32,6720,1,1,13,1,596
597,CR300BF蓝色涂装货运型*32,CR300BF蓝色涂装货运型*32,6720,1,1,13,1,597
598,CR300BF蓝色涂装客货型*32,CR300BF蓝色涂装客货型*32,6720,1,1,13,1,598
599,CR300BF蓝色涂装客运型*32,CR300BF蓝色涂装客运型*32,10080,1,1,13,1,599
600,CR300BF蓝色涂装货运型*32,CR300BF蓝色涂装货运型*32,10080,1,1,13,1,600
601,CR300BF蓝色涂装客货型*32,CR300BF蓝色涂装客货型*32,10080,1,1,13,1,601
602,CR300BF蓝色涂装客运型*32,CR300BF蓝色涂装客运型*32,13440,1,1,13,1,602
603,CR300BF蓝色涂装货运型*32,CR300BF蓝色涂装货运型*32,13440,1,1,13,1,603
604,CR300BF蓝色涂装客货型*32,CR300BF蓝色涂装客货型*32,13440,1,1,13,1,604
605,CR300BF蓝色涂装客运型*32,CR300BF蓝色涂装客运型*32,16800,1,1,13,1,605
606,CR300BF蓝色涂装货运型*32,CR300BF蓝色涂装货运型*32,16800,1,1,13,1,606
607,CR300BF蓝色涂装客货型*32,CR300BF蓝色涂装客货型*32,16800,1,1,13,1,607
608,CRH2-043A动车组涂装客运型*32,CRH2-043A动车组涂装客运型*32,24000,1,1,12,1,608
609,CRH2-043A动车组涂装货运型*32,CRH2-043A动车组涂装货运型*32,24000,1,1,12,1,609
610,CRH2-043A动车组涂装客货型*32,CRH2-043A动车组涂装客货型*32,24000,1,1,12,1,610
611,CRH2-043A动车组涂装客运型*32,CRH2-043A动车组涂装客运型*32,2400,1,1,13,1,611
612,CRH2-043A动车组涂装货运型*32,CRH2-043A动车组涂装货运型*32,2400,1,1,13,1,612
613,CRH2-043A动车组涂装客货型*32,CRH2-043A动车组涂装客货型*32,2400,1,1,13,1,613
614,CRH2-043A动车组涂装客运型*32,CRH2-043A动车组涂装客运型*32,4800,1,1,13,1,614
615,CRH2-043A动车组涂装货运型*32,CRH2-043A动车组涂装货运型*32,4800,1,1,13,1,615
616,CRH2-043A动车组涂装客货型*32,CRH2-043A动车组涂装客货型*32,4800,1,1,13,1,616
617,CRH2-043A动车组涂装客运型*32,CRH2-043A动车组涂装客运型*32,7200,1,1,13,1,617
618,CRH2-043A动车组涂装货运型*32,CRH2-043A动车组涂装货运型*32,7200,1,1,13,1,618
619,CRH2-043A动车组涂装客货型*32,CRH2-043A动车组涂装客货型*32,7200,1,1,13,1,619
620,CRH2-043A动车组涂装客运型*32,CRH2-043A动车组涂装客运型*32,9600,1,1,13,1,620
621,CRH2-043A动车组涂装货运型*32,CRH2-043A动车组涂装货运型*32,9600,1,1,13,1,621
622,CRH2-043A动车组涂装客货型*32,CRH2-043A动车组涂装客货型*32,9600,1,1,13,1,622
623,CRH2-043A动车组涂装客运型*32,CRH2-043A动车组涂装客运型*32,12000,1,1,13,1,623
624,CRH2-043A动车组涂装货运型*32,CRH2-043A动车组涂装货运型*32,12000,1,1,13,1,624
625,CRH2-043A动车组涂装客货型*32,CRH2-043A动车组涂装客货型*32,12000,1,1,13,1,625
626,2020端午节涂装客运型*32,2020端午节涂装客运型*32,24000,1,1,12,1,626
627,2020端午节涂装货运型*32,2020端午节涂装货运型*32,24000,1,1,12,1,627
628,2020端午节涂装客货型*32,2020端午节涂装客货型*32,24000,1,1,12,1,628
629,2020端午节涂装客运型*32,2020端午节涂装客运型*32,2400,1,1,13,1,629
630,2020端午节涂装货运型*32,2020端午节涂装货运型*32,2400,1,1,13,1,630
631,2020端午节涂装客货型*32,2020端午节涂装客货型*32,2400,1,1,13,1,631
632,2020端午节涂装客运型*32,2020端午节涂装客运型*32,4800,1,1,13,1,632
633,2020端午节涂装货运型*32,2020端午节涂装货运型*32,4800,1,1,13,1,633
634,2020端午节涂装客货型*32,2020端午节涂装客货型*32,4800,1,1,13,1,634
635,2020端午节涂装客运型*32,2020端午节涂装客运型*32,7200,1,1,13,1,635
636,2020端午节涂装货运型*32,2020端午节涂装货运型*32,7200,1,1,13,1,636
637,2020端午节涂装客货型*32,2020端午节涂装客货型*32,7200,1,1,13,1,637
638,2020端午节涂装客运型*32,2020端午节涂装客运型*32,9600,1,1,13,1,638
639,2020端午节涂装货运型*32,2020端午节涂装货运型*32,9600,1,1,13,1,639
640,2020端午节涂装客货型*32,2020端午节涂装客货型*32,9600,1,1,13,1,640
641,2020端午节涂装客运型*32,2020端午节涂装客运型*32,12000,1,1,13,1,641
642,2020端午节涂装货运型*32,2020端午节涂装货运型*32,12000,1,1,13,1,642
643,2020端午节涂装客货型*32,2020端午节涂装客货型*32,12000,1,1,13,1,643
644,E353系超级梓号客运型*32,E353系超级梓号客运型*32,24000,1,1,12,1,644
645,E353系超级梓号货运型*32,E353系超级梓号货运型*32,24000,1,1,12,1,645
646,E353系超级梓号客货型*32,E353系超级梓号客货型*32,24000,1,1,12,1,646
647,E353系超级梓号客运型*32,E353系超级梓号客运型*32,2400,1,1,13,1,647
648,E353系超级梓号货运型*32,E353系超级梓号货运型*32,2400,1,1,13,1,648
649,E353系超级梓号客货型*32,E353系超级梓号客货型*32,2400,1,1,13,1,649
650,E353系超级梓号客运型*32,E353系超级梓号客运型*32,4800,1,1,13,1,650
651,E353系超级梓号货运型*32,E353系超级梓号货运型*32,4800,1,1,13,1,651
652,E353系超级梓号客货型*32,E353系超级梓号客货型*32,4800,1,1,13,1,652
653,E353系超级梓号客运型*32,E353系超级梓号客运型*32,7200,1,1,13,1,653
654,E353系超级梓号货运型*32,E353系超级梓号货运型*32,7200,1,1,13,1,654
655,E353系超级梓号客货型*32,E353系超级梓号客货型*32,7200,1,1,13,1,655
656,E353系超级梓号客运型*32,E353系超级梓号客运型*32,9600,1,1,13,1,656
657,E353系超级梓号货运型*32,E353系超级梓号货运型*32,9600,1,1,13,1,657
658,E353系超级梓号客货型*32,E353系超级梓号客货型*32,9600,1,1,13,1,658
659,E353系超级梓号客运型*32,E353系超级梓号客运型*32,12000,1,1,13,1,659
660,E353系超级梓号货运型*32,E353系超级梓号货运型*32,12000,1,1,13,1,660
661,E353系超级梓号客货型*32,E353系超级梓号客货型*32,12000,1,1,13,1,661
662,车厢_2023兔年涂装客运型,车厢_2023兔年涂装客运型,180,0,0,11,1,662
663,底盘_2023兔年涂装客运型,底盘_2023兔年涂装客运型,180,0,0,11,1,663
664,车头_2023兔年涂装客运型,车头_2023兔年涂装客运型,180,0,0,11,1,664
665,图纸_2023兔年涂装客运型,图纸_2023兔年涂装客运型,180,0,0,11,1,665
666,车厢_2023兔年涂装货运型,车厢_2023兔年涂装货运型,180,0,0,11,1,666
667,底盘_2023兔年涂装货运型,底盘_2023兔年涂装货运型,180,0,0,11,1,667
668,车头_2023兔年涂装货运型,车头_2023兔年涂装货运型,180,0,0,11,1,668
669,图纸_2023兔年涂装货运型,图纸_2023兔年涂装货运型,180,0,0,11,1,669
670,车厢_2023兔年涂装客货型,车厢_2023兔年涂装客货型,180,0,0,11,1,670
671,底盘_2023兔年涂装客货型,底盘_2023兔年涂装客货型,180,0,0,11,1,671
672,车头_2023兔年涂装客货型,车头_2023兔年涂装客货型,180,0,0,11,1,672
673,图纸_2023兔年涂装客货型,图纸_2023兔年涂装客货型,180,0,0,11,1,673
674,中国磁悬浮实验型国庆涂装客运型,中国磁悬浮实验型国庆涂装客运型,700,1,64,1,1,674
675,中国磁悬浮实验型国庆涂装货运型,中国磁悬浮实验型国庆涂装货运型,700,1,64,1,1,675
676,中国磁悬浮实验型国庆涂装客货型,中国磁悬浮实验型国庆涂装客货型,700,1,64,1,1,676
677,2020中秋涂装高速列车客运型,2020中秋涂装高速列车客运型,500,1,64,1,1,677
678,2020中秋涂装高速列车货运型,2020中秋涂装高速列车货运型,500,1,64,1,1,678
679,2020中秋涂装高速列车客货型,2020中秋涂装高速列车客货型,500,1,64,1,1,679
680,雪月花号客运型,雪月花号客运型,500,1,64,1,1,680
681,雪月花号货运型,雪月花号货运型,500,1,64,1,1,681
682,雪月花号客货型,雪月花号客货型,500,1,64,1,1,682
683,阿苏男孩号客运型,阿苏男孩号客运型,500,1,64,1,1,683
684,阿苏男孩号货运型,阿苏男孩号货运型,500,1,64,1,1,684
685,阿苏男孩号客货型,阿苏男孩号客货型,500,1,64,1,1,685
686,2020圣诞节涂装客运型,2020圣诞节涂装客运型,500,1,64,1,1,686
687,2020圣诞节涂装货运型,2020圣诞节涂装货运型,500,1,64,1,1,687
688,2020圣诞节涂装客货型,2020圣诞节涂装客货型,500,1,64,1,1,688
689,2021牛年生肖客运型,2021牛年生肖客运型,700,1,64,1,1,689
690,2021牛年生肖货运型,2021牛年生肖货运型,700,1,64,1,1,690
691,2021牛年生肖客货型,2021牛年生肖客货型,700,1,64,1,1,691
692,陕煤号电力机车客运型,陕煤号电力机车客运型,500,1,64,1,1,692
693,陕煤号电力机车货运型,陕煤号电力机车货运型,500,1,64,1,1,693
694,陕煤号电力机车客货型,陕煤号电力机车客货型,500,1,64,1,1,694
695,五菱宏光MINIEV客运型,五菱宏光MINIEV客运型,500,1,64,1,1,695
696,五菱宏光MINIEV货运型,五菱宏光MINIEV货运型,500,1,64,1,1,696
697,五菱宏光MINIEV客货型,五菱宏光MINIEV客货型,500,1,64,1,1,697
698,2020圣诞节涂装客运型*32,2020圣诞节涂装客运型*32,24000,1,1,12,1,698
699,2020圣诞节涂装货运型*32,2020圣诞节涂装货运型*32,24000,1,1,12,1,699
700,2020圣诞节涂装客货型*32,2020圣诞节涂装客货型*32,24000,1,1,12,1,700
701,2020圣诞节涂装客运型*32,2020圣诞节涂装客运型*32,2400,1,1,13,1,701
702,2020圣诞节涂装货运型*32,2020圣诞节涂装货运型*32,2400,1,1,13,1,702
703,2020圣诞节涂装客货型*32,2020圣诞节涂装客货型*32,2400,1,1,13,1,703
704,2020圣诞节涂装客运型*32,2020圣诞节涂装客运型*32,4800,1,1,13,1,704
705,2020圣诞节涂装货运型*32,2020圣诞节涂装货运型*32,4800,1,1,13,1,705
706,2020圣诞节涂装客货型*32,2020圣诞节涂装客货型*32,4800,1,1,13,1,706
707,2020圣诞节涂装客运型*32,2020圣诞节涂装客运型*32,7200,1,1,13,1,707
708,2020圣诞节涂装货运型*32,2020圣诞节涂装货运型*32,7200,1,1,13,1,708
709,2020圣诞节涂装客货型*32,2020圣诞节涂装客货型*32,7200,1,1,13,1,709
710,2020圣诞节涂装客运型*32,2020圣诞节涂装客运型*32,9600,1,1,13,1,710
711,2020圣诞节涂装货运型*32,2020圣诞节涂装货运型*32,9600,1,1,13,1,711
712,2020圣诞节涂装客货型*32,2020圣诞节涂装客货型*32,9600,1,1,13,1,712
713,2020圣诞节涂装客运型*32,2020圣诞节涂装客运型*32,12000,1,1,13,1,713
714,2020圣诞节涂装货运型*32,2020圣诞节涂装货运型*32,12000,1,1,13,1,714
715,2020圣诞节涂装客货型*32,2020圣诞节涂装客货型*32,12000,1,1,13,1,715
716,阿苏男孩号客运型*32,阿苏男孩号客运型*32,24000,1,1,12,1,716
717,阿苏男孩号货运型*32,阿苏男孩号货运型*32,24000,1,1,12,1,717
718,阿苏男孩号客货型*32,阿苏男孩号客货型*32,24000,1,1,12,1,718
719,阿苏男孩号客运型*32,阿苏男孩号客运型*32,2400,1,1,13,1,719
720,阿苏男孩号货运型*32,阿苏男孩号货运型*32,2400,1,1,13,1,720
721,阿苏男孩号客货型*32,阿苏男孩号客货型*32,2400,1,1,13,1,721
722,阿苏男孩号客运型*32,阿苏男孩号客运型*32,4800,1,1,13,1,722
723,阿苏男孩号货运型*32,阿苏男孩号货运型*32,4800,1,1,13,1,723
724,阿苏男孩号客货型*32,阿苏男孩号客货型*32,4800,1,1,13,1,724
725,阿苏男孩号客运型*32,阿苏男孩号客运型*32,7200,1,1,13,1,725
726,阿苏男孩号货运型*32,阿苏男孩号货运型*32,7200,1,1,13,1,726
727,阿苏男孩号客货型*32,阿苏男孩号客货型*32,7200,1,1,13,1,727
728,阿苏男孩号客运型*32,阿苏男孩号客运型*32,9600,1,1,13,1,728
729,阿苏男孩号货运型*32,阿苏男孩号货运型*32,9600,1,1,13,1,729
730,阿苏男孩号客货型*32,阿苏男孩号客货型*32,9600,1,1,13,1,730
731,阿苏男孩号客运型*32,阿苏男孩号客运型*32,12000,1,1,13,1,731
732,阿苏男孩号货运型*32,阿苏男孩号货运型*32,12000,1,1,13,1,732
733,阿苏男孩号客货型*32,阿苏男孩号客货型*32,12000,1,1,13,1,733
734,雪月花号客运型*32,雪月花号客运型*32,24000,1,1,12,1,734
735,雪月花号货运型*32,雪月花号货运型*32,24000,1,1,12,1,735
736,雪月花号客货型*32,雪月花号客货型*32,24000,1,1,12,1,736
737,雪月花号客运型*32,雪月花号客运型*32,2400,1,1,13,1,737
738,雪月花号货运型*32,雪月花号货运型*32,2400,1,1,13,1,738
739,雪月花号客货型*32,雪月花号客货型*32,2400,1,1,13,1,739
740,雪月花号客运型*32,雪月花号客运型*32,4800,1,1,13,1,740
741,雪月花号货运型*32,雪月花号货运型*32,4800,1,1,13,1,741
742,雪月花号客货型*32,雪月花号客货型*32,4800,1,1,13,1,742
743,雪月花号客运型*32,雪月花号客运型*32,7200,1,1,13,1,743
744,雪月花号货运型*32,雪月花号货运型*32,7200,1,1,13,1,744
745,雪月花号客货型*32,雪月花号客货型*32,7200,1,1,13,1,745
746,雪月花号客运型*32,雪月花号客运型*32,9600,1,1,13,1,746
747,雪月花号货运型*32,雪月花号货运型*32,9600,1,1,13,1,747
748,雪月花号客货型*32,雪月花号客货型*32,9600,1,1,13,1,748
749,雪月花号客运型*32,雪月花号客运型*32,12000,1,1,13,1,749
750,雪月花号货运型*32,雪月花号货运型*32,12000,1,1,13,1,750
751,雪月花号客货型*32,雪月花号客货型*32,12000,1,1,13,1,751
752,2020中秋涂装高速列车客运型*32,2020中秋涂装高速列车客运型*32,33600,1,1,12,1,752
753,2020中秋涂装高速列车货运型*32,2020中秋涂装高速列车货运型*32,33600,1,1,12,1,753
754,2020中秋涂装高速列车客货型*32,2020中秋涂装高速列车客货型*32,33600,1,1,12,1,754
755,2020中秋涂装高速列车客运型*32,2020中秋涂装高速列车客运型*32,3360,1,1,13,1,755
756,2020中秋涂装高速列车货运型*32,2020中秋涂装高速列车货运型*32,3360,1,1,13,1,756
757,2020中秋涂装高速列车客货型*32,2020中秋涂装高速列车客货型*32,3360,1,1,13,1,757
758,2020中秋涂装高速列车客运型*32,2020中秋涂装高速列车客运型*32,6720,1,1,13,1,758
759,2020中秋涂装高速列车货运型*32,2020中秋涂装高速列车货运型*32,6720,1,1,13,1,759
760,2020中秋涂装高速列车客货型*32,2020中秋涂装高速列车客货型*32,6720,1,1,13,1,760
761,2020中秋涂装高速列车客运型*32,2020中秋涂装高速列车客运型*32,10080,1,1,13,1,761
762,2020中秋涂装高速列车货运型*32,2020中秋涂装高速列车货运型*32,10080,1,1,13,1,762
763,2020中秋涂装高速列车客货型*32,2020中秋涂装高速列车客货型*32,10080,1,1,13,1,763
764,2020中秋涂装高速列车客运型*32,2020中秋涂装高速列车客运型*32,13440,1,1,13,1,764
765,2020中秋涂装高速列车货运型*32,2020中秋涂装高速列车货运型*32,13440,1,1,13,1,765
766,2020中秋涂装高速列车客货型*32,2020中秋涂装高速列车客货型*32,13440,1,1,13,1,766
767,2020中秋涂装高速列车客运型*32,2020中秋涂装高速列车客运型*32,16800,1,1,13,1,767
768,2020中秋涂装高速列车货运型*32,2020中秋涂装高速列车货运型*32,16800,1,1,13,1,768
769,2020中秋涂装高速列车客货型*32,2020中秋涂装高速列车客货型*32,16800,1,1,13,1,769
770,中国磁悬浮实验型国庆涂装客运型*32,中国磁悬浮实验型国庆涂装客运型*32,33600,1,1,12,1,770
771,中国磁悬浮实验型国庆涂装货运型*32,中国磁悬浮实验型国庆涂装货运型*32,33600,1,1,12,1,771
772,中国磁悬浮实验型国庆涂装客货型*32,中国磁悬浮实验型国庆涂装客货型*32,33600,1,1,12,1,772
773,中国磁悬浮实验型国庆涂装客运型*32,中国磁悬浮实验型国庆涂装客运型*32,3360,1,1,13,1,773
774,中国磁悬浮实验型国庆涂装货运型*32,中国磁悬浮实验型国庆涂装货运型*32,3360,1,1,13,1,774
775,中国磁悬浮实验型国庆涂装客货型*32,中国磁悬浮实验型国庆涂装客货型*32,3360,1,1,13,1,775
776,中国磁悬浮实验型国庆涂装客运型*32,中国磁悬浮实验型国庆涂装客运型*32,6720,1,1,13,1,776
777,中国磁悬浮实验型国庆涂装货运型*32,中国磁悬浮实验型国庆涂装货运型*32,6720,1,1,13,1,777
778,中国磁悬浮实验型国庆涂装客货型*32,中国磁悬浮实验型国庆涂装客货型*32,6720,1,1,13,1,778
779,中国磁悬浮实验型国庆涂装客运型*32,中国磁悬浮实验型国庆涂装客运型*32,10080,1,1,13,1,779
780,中国磁悬浮实验型国庆涂装货运型*32,中国磁悬浮实验型国庆涂装货运型*32,10080,1,1,13,1,780
781,中国磁悬浮实验型国庆涂装客货型*32,中国磁悬浮实验型国庆涂装客货型*32,10080,1,1,13,1,781
782,中国磁悬浮实验型国庆涂装客运型*32,中国磁悬浮实验型国庆涂装客运型*32,13440,1,1,13,1,782
783,中国磁悬浮实验型国庆涂装货运型*32,中国磁悬浮实验型国庆涂装货运型*32,13440,1,1,13,1,783
784,中国磁悬浮实验型国庆涂装客货型*32,中国磁悬浮实验型国庆涂装客货型*32,13440,1,1,13,1,784
785,中国磁悬浮实验型国庆涂装客运型*32,中国磁悬浮实验型国庆涂装客运型*32,16800,1,1,13,1,785
786,中国磁悬浮实验型国庆涂装货运型*32,中国磁悬浮实验型国庆涂装货运型*32,16800,1,1,13,1,786
787,中国磁悬浮实验型国庆涂装客货型*32,中国磁悬浮实验型国庆涂装客货型*32,16800,1,1,13,1,787
788,九州七星号客运型*32,九州七星号客运型*32,24000,1,1,12,1,788
789,九州七星号货运型*32,九州七星号货运型*32,24000,1,1,12,1,789
790,九州七星号客货型*32,九州七星号客货型*32,24000,1,1,12,1,790
791,九州七星号客运型*32,九州七星号客运型*32,2400,1,1,13,1,791
792,九州七星号货运型*32,九州七星号货运型*32,2400,1,1,13,1,792
793,九州七星号客货型*32,九州七星号客货型*32,2400,1,1,13,1,793
794,九州七星号客运型*32,九州七星号客运型*32,4800,1,1,13,1,794
795,九州七星号货运型*32,九州七星号货运型*32,4800,1,1,13,1,795
796,九州七星号客货型*32,九州七星号客货型*32,4800,1,1,13,1,796
797,九州七星号客运型*32,九州七星号客运型*32,7200,1,1,13,1,797
798,九州七星号货运型*32,九州七星号货运型*32,7200,1,1,13,1,798
799,九州七星号客货型*32,九州七星号客货型*32,7200,1,1,13,1,799
800,九州七星号客运型*32,九州七星号客运型*32,9600,1,1,13,1,800
801,九州七星号货运型*32,九州七星号货运型*32,9600,1,1,13,1,801
802,九州七星号客货型*32,九州七星号客货型*32,9600,1,1,13,1,802
803,九州七星号客运型*32,九州七星号客运型*32,12000,1,1,13,1,803
804,九州七星号货运型*32,九州七星号货运型*32,12000,1,1,13,1,804
805,九州七星号客货型*32,九州七星号客货型*32,12000,1,1,13,1,805
806,五菱宏光MINIEV客货型*32,五菱宏光MINIEV客货型*32,24000,1,1,12,1,806
807,五菱宏光MINIEV客货型*32,五菱宏光MINIEV客货型*32,2400,1,1,13,1,807
808,五菱宏光MINIEV客货型*32,五菱宏光MINIEV客货型*32,4800,1,1,13,1,808
809,五菱宏光MINIEV客货型*32,五菱宏光MINIEV客货型*32,7200,1,1,13,1,809
810,五菱宏光MINIEV客货型*32,五菱宏光MINIEV客货型*32,9600,1,1,13,1,810
811,五菱宏光MINIEV客货型*32,五菱宏光MINIEV客货型*32,12000,1,1,13,1,811
812,洲际高速列车客运型,洲际高速列车客运型,500,1,64,1,1,812
813,洲际高速列车货运型,洲际高速列车货运型,500,1,64,1,1,813
814,洲际高速列车客货型,洲际高速列车客货型,500,1,64,1,1,814
815,中国磁悬浮实验型客运型,中国磁悬浮实验型客运型,700,1,64,1,1,815
816,中国磁悬浮实验型货运型,中国磁悬浮实验型货运型,700,1,64,1,1,816
817,中国磁悬浮实验型客货型,中国磁悬浮实验型客货型,700,1,64,1,1,817
818,跨国互联互通高速列车客运型,跨国互联互通高速列车客运型,500,1,64,1,1,818
819,跨国互联互通高速列车货运型,跨国互联互通高速列车货运型,500,1,64,1,1,819
820,跨国互联互通高速列车客货型,跨国互联互通高速列车客货型,500,1,64,1,1,820
821,中国磁悬浮实验型客运型*32,中国磁悬浮实验型客运型*32,33600,1,1,12,1,821
822,中国磁悬浮实验型客运型*32,中国磁悬浮实验型客运型*32,3360,1,1,13,1,822
823,中国磁悬浮实验型客运型*32,中国磁悬浮实验型客运型*32,6720,1,1,13,1,823
824,中国磁悬浮实验型客运型*32,中国磁悬浮实验型客运型*32,10080,1,1,13,1,824
825,中国磁悬浮实验型客运型*32,中国磁悬浮实验型客运型*32,13440,1,1,13,1,825
826,中国磁悬浮实验型客运型*32,中国磁悬浮实验型客运型*32,16800,1,1,13,1,826
827,中国磁悬浮实验型货运型*32,中国磁悬浮实验型货运型*32,33600,1,1,12,1,827
828,中国磁悬浮实验型货运型*32,中国磁悬浮实验型货运型*32,3360,1,1,13,1,828
829,中国磁悬浮实验型货运型*32,中国磁悬浮实验型货运型*32,6720,1,1,13,1,829
830,中国磁悬浮实验型货运型*32,中国磁悬浮实验型货运型*32,10080,1,1,13,1,830
831,中国磁悬浮实验型货运型*32,中国磁悬浮实验型货运型*32,13440,1,1,13,1,831
832,中国磁悬浮实验型货运型*32,中国磁悬浮实验型货运型*32,16800,1,1,13,1,832
833,中国磁悬浮实验型客货型*32,中国磁悬浮实验型客货型*32,33600,1,1,12,1,833
834,中国磁悬浮实验型客货型*32,中国磁悬浮实验型客货型*32,3360,1,1,13,1,834
835,中国磁悬浮实验型客货型*32,中国磁悬浮实验型客货型*32,6720,1,1,13,1,835
836,中国磁悬浮实验型客货型*32,中国磁悬浮实验型客货型*32,10080,1,1,13,1,836
837,中国磁悬浮实验型客货型*32,中国磁悬浮实验型客货型*32,13440,1,1,13,1,837
838,中国磁悬浮实验型客货型*32,中国磁悬浮实验型客货型*32,16800,1,1,13,1,838
839,跨国互联互通客运型*32,跨国互联互通客运型*32,24000,1,1,12,1,839
840,跨国互联互通客运型*32,跨国互联互通客运型*32,2400,1,1,13,1,840
841,跨国互联互通客运型*32,跨国互联互通客运型*32,4800,1,1,13,1,841
842,跨国互联互通客运型*32,跨国互联互通客运型*32,7200,1,1,13,1,842
843,跨国互联互通客运型*32,跨国互联互通客运型*32,9600,1,1,13,1,843
844,跨国互联互通客运型*32,跨国互联互通客运型*32,12000,1,1,13,1,844
845,跨国互联互通货运型*32,跨国互联互通货运型*32,24000,1,1,12,1,845
846,跨国互联互通货运型*32,跨国互联互通货运型*32,2400,1,1,13,1,846
847,跨国互联互通货运型*32,跨国互联互通货运型*32,4800,1,1,13,1,847
848,跨国互联互通货运型*32,跨国互联互通货运型*32,7200,1,1,13,1,848
849,跨国互联互通货运型*32,跨国互联互通货运型*32,9600,1,1,13,1,849
850,跨国互联互通货运型*32,跨国互联互通货运型*32,12000,1,1,13,1,850
851,跨国互联互通客货型*32,跨国互联互通客货型*32,24000,1,1,12,1,851
852,跨国互联互通客货型*32,跨国互联互通客货型*32,2400,1,1,13,1,852
853,跨国互联互通客货型*32,跨国互联互通客货型*32,4800,1,1,13,1,853
854,跨国互联互通客货型*32,跨国互联互通客货型*32,7200,1,1,13,1,854
855,跨国互联互通客货型*32,跨国互联互通客货型*32,9600,1,1,13,1,855
856,跨国互联互通客货型*32,跨国互联互通客货型*32,12000,1,1,13,1,856
857,红巨人号客运型*32,红巨人号客运型*32,33600,1,1,12,1,857
858,红巨人号客运型*32,红巨人号客运型*32,3360,1,1,13,1,858
859,红巨人号客运型*32,红巨人号客运型*32,6720,1,1,13,1,859
860,红巨人号客运型*32,红巨人号客运型*32,10080,1,1,13,1,860
861,红巨人号客运型*32,红巨人号客运型*32,13440,1,1,13,1,861
862,红巨人号客运型*32,红巨人号客运型*32,16800,1,1,13,1,862
863,红巨人号货运型*32,红巨人号货运型*32,33600,1,1,12,1,863
864,红巨人号货运型*32,红巨人号货运型*32,3360,1,1,13,1,864
865,红巨人号货运型*32,红巨人号货运型*32,6720,1,1,13,1,865
866,红巨人号货运型*32,红巨人号货运型*32,10080,1,1,13,1,866
867,红巨人号货运型*32,红巨人号货运型*32,13440,1,1,13,1,867
868,红巨人号货运型*32,红巨人号货运型*32,16800,1,1,13,1,868
869,红巨人号客货型*32,红巨人号客货型*32,33600,1,1,12,1,869
870,红巨人号客货型*32,红巨人号客货型*32,3360,1,1,13,1,870
871,红巨人号客货型*32,红巨人号客货型*32,6720,1,1,13,1,871
872,红巨人号客货型*32,红巨人号客货型*32,10080,1,1,13,1,872
873,红巨人号客货型*32,红巨人号客货型*32,13440,1,1,13,1,873
874,红巨人号客货型*32,红巨人号客货型*32,16800,1,1,13,1,874
875,HXN5320内燃机车客运型,HXN5320内燃机车客运型,450,1,64,1,1,875
876,HXN5320内燃机车货运型,HXN5320内燃机车货运型,450,1,64,1,1,876
877,HXN5320内燃机车客货型,HXN5320内燃机车客货型,450,1,64,1,1,877
878,特急Revaty500客运型,特急Revaty500客运型,450,1,64,1,1,878
879,特急Revaty500货运型,特急Revaty500货运型,450,1,64,1,1,879
880,特急Revaty500客货型,特急Revaty500客货型,450,1,64,1,1,880
881,仙后座高速列车客运型,仙后座高速列车客运型,450,1,64,1,1,881
882,仙后座高速列车货运型,仙后座高速列车货运型,450,1,64,1,1,882
883,仙后座高速列车客货型,仙后座高速列车客货型,450,1,64,1,1,883
884,2021儿童节号客运型*32,2021儿童节号客运型*32,24000,1,1,12,1,884
885,2021儿童节号客运型*32,2021儿童节号客运型*32,2400,1,1,13,1,885
886,2021儿童节号客运型*32,2021儿童节号客运型*32,4800,1,1,13,1,886
887,2021儿童节号客运型*32,2021儿童节号客运型*32,7200,1,1,13,1,887
888,2021儿童节号客运型*32,2021儿童节号客运型*32,9600,1,1,13,1,888
889,2021儿童节号客运型*32,2021儿童节号客运型*32,12000,1,1,13,1,889
890,2021儿童节号货运型*32,2021儿童节号货运型*32,24000,1,1,12,1,890
891,2021儿童节号货运型*32,2021儿童节号货运型*32,2400,1,1,13,1,891
892,2021儿童节号货运型*32,2021儿童节号货运型*32,4800,1,1,13,1,892
893,2021儿童节号货运型*32,2021儿童节号货运型*32,7200,1,1,13,1,893
894,2021儿童节号货运型*32,2021儿童节号货运型*32,9600,1,1,13,1,894
895,2021儿童节号货运型*32,2021儿童节号货运型*32,12000,1,1,13,1,895
896,2021儿童节号客货型*32,2021儿童节号客货型*32,24000,1,1,12,1,896
897,2021儿童节号客货型*32,2021儿童节号客货型*32,2400,1,1,13,1,897
898,2021儿童节号客货型*32,2021儿童节号客货型*32,4800,1,1,13,1,898
899,2021儿童节号客货型*32,2021儿童节号客货型*32,7200,1,1,13,1,899
900,2021儿童节号客货型*32,2021儿童节号客货型*32,9600,1,1,13,1,900
901,2021儿童节号客货型*32,2021儿童节号客货型*32,12000,1,1,13,1,901
902,特急Revaty500客运型*32,特急Revaty500客运型*32,24000,1,1,12,1,902
903,特急Revaty500客运型*32,特急Revaty500客运型*32,2400,1,1,13,1,903
904,特急Revaty500客运型*32,特急Revaty500客运型*32,4800,1,1,13,1,904
905,特急Revaty500客运型*32,特急Revaty500客运型*32,7200,1,1,13,1,905
906,特急Revaty500客运型*32,特急Revaty500客运型*32,9600,1,1,13,1,906
907,特急Revaty500客运型*32,特急Revaty500客运型*32,12000,1,1,13,1,907
908,特急Revaty500货运型*32,特急Revaty500货运型*32,24000,1,1,12,1,908
909,特急Revaty500货运型*32,特急Revaty500货运型*32,2400,1,1,13,1,909
910,特急Revaty500货运型*32,特急Revaty500货运型*32,4800,1,1,13,1,910
911,特急Revaty500货运型*32,特急Revaty500货运型*32,7200,1,1,13,1,911
912,特急Revaty500货运型*32,特急Revaty500货运型*32,9600,1,1,13,1,912
913,特急Revaty500货运型*32,特急Revaty500货运型*32,12000,1,1,13,1,913
914,特急Revaty500客货型*32,特急Revaty500客货型*32,24000,1,1,12,1,914
915,特急Revaty500客货型*32,特急Revaty500客货型*32,2400,1,1,13,1,915
916,特急Revaty500客货型*32,特急Revaty500客货型*32,4800,1,1,13,1,916
917,特急Revaty500客货型*32,特急Revaty500客货型*32,7200,1,1,13,1,917
918,特急Revaty500客货型*32,特急Revaty500客货型*32,9600,1,1,13,1,918
919,特急Revaty500客货型*32,特急Revaty500客货型*32,12000,1,1,13,1,919
920,仙后座号客运型*32,仙后座号客运型*32,24000,1,1,12,1,920
921,仙后座号客运型*32,仙后座号客运型*32,2400,1,1,13,1,921
922,仙后座号客运型*32,仙后座号客运型*32,4800,1,1,13,1,922
923,仙后座号客运型*32,仙后座号客运型*32,7200,1,1,13,1,923
924,仙后座号客运型*32,仙后座号客运型*32,9600,1,1,13,1,924
925,仙后座号客运型*32,仙后座号客运型*32,12000,1,1,13,1,925
926,仙后座号货运型*32,仙后座号货运型*32,24000,1,1,12,1,926
927,仙后座号货运型*32,仙后座号货运型*32,2400,1,1,13,1,927
928,仙后座号货运型*32,仙后座号货运型*32,4800,1,1,13,1,928
929,仙后座号货运型*32,仙后座号货运型*32,7200,1,1,13,1,929
930,仙后座号货运型*32,仙后座号货运型*32,9600,1,1,13,1,930
931,仙后座号货运型*32,仙后座号货运型*32,12000,1,1,13,1,931
932,仙后座号客货型*32,仙后座号客货型*32,24000,1,1,12,1,932
933,仙后座号客货型*32,仙后座号客货型*32,2400,1,1,13,1,933
934,仙后座号客货型*32,仙后座号客货型*32,4800,1,1,13,1,934
935,仙后座号客货型*32,仙后座号客货型*32,7200,1,1,13,1,935
936,仙后座号客货型*32,仙后座号客货型*32,9600,1,1,13,1,936
937,仙后座号客货型*32,仙后座号客货型*32,12000,1,1,13,1,937
938,2021中秋涂装客运型*32,2021中秋涂装客运型*32,33600,1,1,12,1,938
939,2021中秋涂装客运型*32,2021中秋涂装客运型*32,3360,1,1,13,1,939
940,2021中秋涂装客运型*32,2021中秋涂装客运型*32,6720,1,1,13,1,940
941,2021中秋涂装客运型*32,2021中秋涂装客运型*32,10080,1,1,13,1,941
942,2021中秋涂装客运型*32,2021中秋涂装客运型*32,13440,1,1,13,1,942
943,2021中秋涂装客运型*32,2021中秋涂装客运型*32,16800,1,1,13,1,943
944,2021中秋涂装货运型*32,2021中秋涂装货运型*32,33600,1,1,12,1,944
945,2021中秋涂装货运型*32,2021中秋涂装货运型*32,3360,1,1,13,1,945
946,2021中秋涂装货运型*32,2021中秋涂装货运型*32,6720,1,1,13,1,946
947,2021中秋涂装货运型*32,2021中秋涂装货运型*32,10080,1,1,13,1,947
948,2021中秋涂装货运型*32,2021中秋涂装货运型*32,13440,1,1,13,1,948
949,2021中秋涂装货运型*32,2021中秋涂装货运型*32,16800,1,1,13,1,949
950,2021中秋涂装客货型*32,2021中秋涂装客货型*32,33600,1,1,12,1,950
951,2021中秋涂装客货型*32,2021中秋涂装客货型*32,3360,1,1,13,1,951
952,2021中秋涂装客货型*32,2021中秋涂装客货型*32,6720,1,1,13,1,952
953,2021中秋涂装客货型*32,2021中秋涂装客货型*32,10080,1,1,13,1,953
954,2021中秋涂装客货型*32,2021中秋涂装客货型*32,13440,1,1,13,1,954
955,2021中秋涂装客货型*32,2021中秋涂装客货型*32,16800,1,1,13,1,955
956,2021国庆涂装客运型*32,2021国庆涂装客运型*32,33600,1,1,12,1,956
957,2021国庆涂装客运型*32,2021国庆涂装客运型*32,3360,1,1,13,1,957
958,2021国庆涂装客运型*32,2021国庆涂装客运型*32,6720,1,1,13,1,958
959,2021国庆涂装客运型*32,2021国庆涂装客运型*32,10080,1,1,13,1,959
960,2021国庆涂装客运型*32,2021国庆涂装客运型*32,13440,1,1,13,1,960
961,2021国庆涂装客运型*32,2021国庆涂装客运型*32,16800,1,1,13,1,961
962,2021国庆涂装货运型*32,2021国庆涂装货运型*32,33600,1,1,12,1,962
963,2021国庆涂装货运型*32,2021国庆涂装货运型*32,3360,1,1,13,1,963
964,2021国庆涂装货运型*32,2021国庆涂装货运型*32,6720,1,1,13,1,964
965,2021国庆涂装货运型*32,2021国庆涂装货运型*32,10080,1,1,13,1,965
966,2021国庆涂装货运型*32,2021国庆涂装货运型*32,13440,1,1,13,1,966
967,2021国庆涂装货运型*32,2021国庆涂装货运型*32,16800,1,1,13,1,967
968,2021国庆涂装客货型*32,2021国庆涂装客货型*32,33600,1,1,12,1,968
969,2021国庆涂装客货型*32,2021国庆涂装客货型*32,3360,1,1,13,1,969
970,2021国庆涂装客货型*32,2021国庆涂装客货型*32,6720,1,1,13,1,970
971,2021国庆涂装客货型*32,2021国庆涂装客货型*32,10080,1,1,13,1,971
972,2021国庆涂装客货型*32,2021国庆涂装客货型*32,13440,1,1,13,1,972
973,2021国庆涂装客货型*32,2021国庆涂装客货型*32,16800,1,1,13,1,973
974,2021中秋涂装客运型,2021中秋涂装客运型,450,1,64,1,1,974
975,2021中秋涂装货运型,2021中秋涂装货运型,450,1,64,1,1,975
976,2021中秋涂装客货型,2021中秋涂装客货型,450,1,64,1,1,976
977,2021国庆涂装客运型,2021国庆涂装客运型,650,1,64,1,1,977
978,2021国庆涂装货运型,2021国庆涂装货运型,650,1,64,1,1,978
979,2021国庆涂装客货型,2021国庆涂装客货型,650,1,64,1,1,979
980,HXN5C内燃机车客运型,HXN5C内燃机车客运型,450,1,64,1,1,980
981,HXN5C内燃机车货运型,HXN5C内燃机车货运型,450,1,64,1,1,981
982,HXN5C内燃机车客货型,HXN5C内燃机车客货型,450,1,64,1,1,982
983,陕煤号客运型*32,陕煤号客运型*32,33600,1,1,12,1,983
984,陕煤号客运型*32,陕煤号客运型*32,3360,1,1,13,1,984
985,陕煤号客运型*32,陕煤号客运型*32,6720,1,1,13,1,985
986,陕煤号客运型*32,陕煤号客运型*32,10080,1,1,13,1,986
987,陕煤号客运型*32,陕煤号客运型*32,13440,1,1,13,1,987
988,陕煤号客运型*32,陕煤号客运型*32,16800,1,1,13,1,988
989,陕煤号货运型*32,陕煤号货运型*32,33600,1,1,12,1,989
990,陕煤号货运型*32,陕煤号货运型*32,3360,1,1,13,1,990
991,陕煤号货运型*32,陕煤号货运型*32,6720,1,1,13,1,991
992,陕煤号货运型*32,陕煤号货运型*32,10080,1,1,13,1,992
993,陕煤号货运型*32,陕煤号货运型*32,13440,1,1,13,1,993
994,陕煤号货运型*32,陕煤号货运型*32,16800,1,1,13,1,994
995,陕煤号客货型*32,陕煤号客货型*32,33600,1,1,12,1,995
996,陕煤号客货型*32,陕煤号客货型*32,3360,1,1,13,1,996
997,陕煤号客货型*32,陕煤号客货型*32,6720,1,1,13,1,997
998,陕煤号客货型*32,陕煤号客货型*32,10080,1,1,13,1,998
999,陕煤号客货型*32,陕煤号客货型*32,13440,1,1,13,1,999
1000,陕煤号客货型*32,陕煤号客货型*32,16800,1,1,13,1,1000
1001,2021牛年生肖客运型*32,2021牛年生肖客运型*32,33600,1,1,12,1,1001
1002,2021牛年生肖客运型*32,2021牛年生肖客运型*32,3360,1,1,13,1,1002
1003,2021牛年生肖客运型*32,2021牛年生肖客运型*32,6720,1,1,13,1,1003
1004,2021牛年生肖客运型*32,2021牛年生肖客运型*32,10080,1,1,13,1,1004
1005,2021牛年生肖客运型*32,2021牛年生肖客运型*32,13440,1,1,13,1,1005
1006,2021牛年生肖客运型*32,2021牛年生肖客运型*32,16800,1,1,13,1,1006
1007,2021牛年生肖货运型*32,2021牛年生肖货运型*32,33600,1,1,12,1,1007
1008,2021牛年生肖货运型*32,2021牛年生肖货运型*32,3360,1,1,13,1,1008
1009,2021牛年生肖货运型*32,2021牛年生肖货运型*32,6720,1,1,13,1,1009
1010,2021牛年生肖货运型*32,2021牛年生肖货运型*32,10080,1,1,13,1,1010
1011,2021牛年生肖货运型*32,2021牛年生肖货运型*32,13440,1,1,13,1,1011
1012,2021牛年生肖货运型*32,2021牛年生肖货运型*32,16800,1,1,13,1,1012
1013,2021牛年生肖客货型*32,2021牛年生肖客货型*32,33600,1,1,12,1,1013
1014,2021牛年生肖客货型*32,2021牛年生肖客货型*32,3360,1,1,13,1,1014
1015,2021牛年生肖客货型*32,2021牛年生肖客货型*32,6720,1,1,13,1,1015
1016,2021牛年生肖客货型*32,2021牛年生肖客货型*32,10080,1,1,13,1,1016
1017,2021牛年生肖客货型*32,2021牛年生肖客货型*32,13440,1,1,13,1,1017
1018,2021牛年生肖客货型*32,2021牛年生肖客货型*32,16800,1,1,13,1,1018
1019,HXN5C内燃机车客运型*32,HXN5C内燃机车客运型*32,33600,1,1,12,1,1019
1020,HXN5C内燃机车客运型*32,HXN5C内燃机车客运型*32,3360,1,1,13,1,1020
1021,HXN5C内燃机车客运型*32,HXN5C内燃机车客运型*32,6720,1,1,13,1,1021
1022,HXN5C内燃机车客运型*32,HXN5C内燃机车客运型*32,10080,1,1,13,1,1022
1023,HXN5C内燃机车客运型*32,HXN5C内燃机车客运型*32,13440,1,1,13,1,1023
1024,HXN5C内燃机车客运型*32,HXN5C内燃机车客运型*32,16800,1,1,13,1,1024
1025,HXN5C内燃机车货运型*32,HXN5C内燃机车货运型*32,33600,1,1,12,1,1025
1026,HXN5C内燃机车货运型*32,HXN5C内燃机车货运型*32,3360,1,1,13,1,1026
1027,HXN5C内燃机车货运型*32,HXN5C内燃机车货运型*32,6720,1,1,13,1,1027
1028,HXN5C内燃机车货运型*32,HXN5C内燃机车货运型*32,10080,1,1,13,1,1028
1029,HXN5C内燃机车货运型*32,HXN5C内燃机车货运型*32,13440,1,1,13,1,1029
1030,HXN5C内燃机车货运型*32,HXN5C内燃机车货运型*32,16800,1,1,13,1,1030
1031,HXN5C内燃机车客货型*32,HXN5C内燃机车客货型*32,33600,1,1,12,1,1031
1032,HXN5C内燃机车客货型*32,HXN5C内燃机车客货型*32,3360,1,1,13,1,1032
1033,HXN5C内燃机车客货型*32,HXN5C内燃机车客货型*32,6720,1,1,13,1,1033
1034,HXN5C内燃机车客货型*32,HXN5C内燃机车客货型*32,10080,1,1,13,1,1034
1035,HXN5C内燃机车客货型*32,HXN5C内燃机车客货型*32,13440,1,1,13,1,1035
1036,HXN5C内燃机车客货型*32,HXN5C内燃机车客货型*32,16800,1,1,13,1,1036
1037,天狼星号客运型,天狼星号客运型,425,1,64,1,1,1037
1038,天狼星号货运型,天狼星号货运型,425,1,64,1,1,1038
1039,天狼星号客货型,天狼星号客货型,425,1,64,1,1,1039
1040,2021圣诞节涂装客运型,2021圣诞节涂装客运型,450,1,64,1,1,1040
1041,2021圣诞节涂装货运型,2021圣诞节涂装货运型,450,1,64,1,1,1041
1042,2021圣诞节涂装客货型,2021圣诞节涂装客货型,450,1,64,1,1,1042
1043,神崋号客运型,神崋号客运型,450,1,64,1,1,1043
1044,神崋号货运型,神崋号货运型,450,1,64,1,1,1044
1045,神崋号客货型,神崋号客货型,450,1,64,1,1,1045
1046,2022虎年涂装号客运型,2022虎年涂装号客运型,650,1,64,1,1,1046
1047,2022虎年涂装号货运型,2022虎年涂装号货运型,650,1,64,1,1,1047
1048,2022虎年涂装号客货型,2022虎年涂装号客货型,650,1,64,1,1,1048
1049,天狼星号客运型*32,天狼星号客运型*32,33600,1,1,12,1,1049
1050,天狼星号客运型*32,天狼星号客运型*32,3360,1,1,13,1,1050
1051,天狼星号客运型*32,天狼星号客运型*32,6720,1,1,13,1,1051
1052,天狼星号客运型*32,天狼星号客运型*32,10080,1,1,13,1,1052
1053,天狼星号客运型*32,天狼星号客运型*32,13440,1,1,13,1,1053
1054,天狼星号客运型*32,天狼星号客运型*32,16800,1,1,13,1,1054
1055,天狼星号货运型*32,天狼星号货运型*32,33600,1,1,12,1,1055
1056,天狼星号货运型*32,天狼星号货运型*32,3360,1,1,13,1,1056
1057,天狼星号货运型*32,天狼星号货运型*32,6720,1,1,13,1,1057
1058,天狼星号货运型*32,天狼星号货运型*32,10080,1,1,13,1,1058
1059,天狼星号货运型*32,天狼星号货运型*32,13440,1,1,13,1,1059
1060,天狼星号货运型*32,天狼星号货运型*32,16800,1,1,13,1,1060
1061,天狼星号客货型*32,天狼星号客货型*32,33600,1,1,12,1,1061
1062,天狼星号客货型*32,天狼星号客货型*32,3360,1,1,13,1,1062
1063,天狼星号客货型*32,天狼星号客货型*32,6720,1,1,13,1,1063
1064,天狼星号客货型*32,天狼星号客货型*32,10080,1,1,13,1,1064
1065,天狼星号客货型*32,天狼星号客货型*32,13440,1,1,13,1,1065
1066,天狼星号客货型*32,天狼星号客货型*32,16800,1,1,13,1,1066
1067,2021圣诞节涂装客运型*32,2021圣诞节涂装客运型*32,33600,1,1,12,1,1067
1068,2021圣诞节涂装客运型*32,2021圣诞节涂装客运型*32,3360,1,1,13,1,1068
1069,2021圣诞节涂装客运型*32,2021圣诞节涂装客运型*32,6720,1,1,13,1,1069
1070,2021圣诞节涂装客运型*32,2021圣诞节涂装客运型*32,10080,1,1,13,1,1070
1071,2021圣诞节涂装客运型*32,2021圣诞节涂装客运型*32,13440,1,1,13,1,1071
1072,2021圣诞节涂装客运型*32,2021圣诞节涂装客运型*32,16800,1,1,13,1,1072
1073,2021圣诞节涂装货运型*32,2021圣诞节涂装货运型*32,33600,1,1,12,1,1073
1074,2021圣诞节涂装货运型*32,2021圣诞节涂装货运型*32,3360,1,1,13,1,1074
1075,2021圣诞节涂装货运型*32,2021圣诞节涂装货运型*32,6720,1,1,13,1,1075
1076,2021圣诞节涂装货运型*32,2021圣诞节涂装货运型*32,10080,1,1,13,1,1076
1077,2021圣诞节涂装货运型*32,2021圣诞节涂装货运型*32,13440,1,1,13,1,1077
1078,2021圣诞节涂装货运型*32,2021圣诞节涂装货运型*32,16800,1,1,13,1,1078
1079,2021圣诞节涂装客货型*32,2021圣诞节涂装客货型*32,33600,1,1,12,1,1079
1080,2021圣诞节涂装客货型*32,2021圣诞节涂装客货型*32,3360,1,1,13,1,1080
1081,2021圣诞节涂装客货型*32,2021圣诞节涂装客货型*32,6720,1,1,13,1,1081
1082,2021圣诞节涂装客货型*32,2021圣诞节涂装客货型*32,10080,1,1,13,1,1082
1083,2021圣诞节涂装客货型*32,2021圣诞节涂装客货型*32,13440,1,1,13,1,1083
1084,2021圣诞节涂装客货型*32,2021圣诞节涂装客货型*32,16800,1,1,13,1,1084
1085,小玉号客运型,小玉号客运型,425,1,64,1,1,1085
1086,小玉号货运型,小玉号货运型,425,1,64,1,1,1086
1087,小玉号客货型,小玉号客货型,425,1,64,1,1,1087
1088,TGV PSE客运型,TGV PSE客运型,650,1,64,1,1,1088
1089,TGV PSE货运型,TGV PSE货运型,650,1,64,1,1,1089
1090,TGV PSE客货型,TGV PSE客货型,650,1,64,1,1,1090
1091,费城双层不锈钢客运型,费城双层不锈钢客运型,425,1,64,1,1,1091
1092,费城双层不锈钢货运型,费城双层不锈钢货运型,425,1,64,1,1,1092
1093,费城双层不锈钢客货型,费城双层不锈钢客货型,425,1,64,1,1,1093
1094,神崋号客运型*32,神崋号客运型*32,33600,1,1,12,1,1094
1095,神崋号客运型*32,神崋号客运型*32,3360,1,1,13,1,1095
1096,神崋号客运型*32,神崋号客运型*32,6720,1,1,13,1,1096
1097,神崋号客运型*32,神崋号客运型*32,10080,1,1,13,1,1097
1098,神崋号客运型*32,神崋号客运型*32,13440,1,1,13,1,1098
1099,神崋号客运型*32,神崋号客运型*32,16800,1,1,13,1,1099
1100,神崋号货运型*32,神崋号货运型*32,33600,1,1,12,1,1100
1101,神崋号货运型*32,神崋号货运型*32,3360,1,1,13,1,1101
1102,神崋号货运型*32,神崋号货运型*32,6720,1,1,13,1,1102
1103,神崋号货运型*32,神崋号货运型*32,10080,1,1,13,1,1103
1104,神崋号货运型*32,神崋号货运型*32,13440,1,1,13,1,1104
1105,神崋号货运型*32,神崋号货运型*32,16800,1,1,13,1,1105
1106,神崋号客货型*32,神崋号客货型*32,33600,1,1,12,1,1106
1107,神崋号客货型*32,神崋号客货型*32,3360,1,1,13,1,1107
1108,神崋号客货型*32,神崋号客货型*32,6720,1,1,13,1,1108
1109,神崋号客货型*32,神崋号客货型*32,10080,1,1,13,1,1109
1110,神崋号客货型*32,神崋号客货型*32,13440,1,1,13,1,1110
1111,神崋号客货型*32,神崋号客货型*32,16800,1,1,13,1,1111
1112,2022虎年涂装客运型*32,2022虎年涂装客运型*32,33600,1,1,12,1,1112
1113,2022虎年涂装客运型*32,2022虎年涂装客运型*32,3360,1,1,13,1,1113
1114,2022虎年涂装客运型*32,2022虎年涂装客运型*32,6720,1,1,13,1,1114
1115,2022虎年涂装客运型*32,2022虎年涂装客运型*32,10080,1,1,13,1,1115
1116,2022虎年涂装客运型*32,2022虎年涂装客运型*32,13440,1,1,13,1,1116
1117,2022虎年涂装客运型*32,2022虎年涂装客运型*32,16800,1,1,13,1,1117
1118,2022虎年涂装货运型*32,2022虎年涂装货运型*32,33600,1,1,12,1,1118
1119,2022虎年涂装货运型*32,2022虎年涂装货运型*32,3360,1,1,13,1,1119
1120,2022虎年涂装货运型*32,2022虎年涂装货运型*32,6720,1,1,13,1,1120
1121,2022虎年涂装货运型*32,2022虎年涂装货运型*32,10080,1,1,13,1,1121
1122,2022虎年涂装货运型*32,2022虎年涂装货运型*32,13440,1,1,13,1,1122
1123,2022虎年涂装货运型*32,2022虎年涂装货运型*32,16800,1,1,13,1,1123
1124,2022虎年涂装客货型*32,2022虎年涂装客货型*32,33600,1,1,12,1,1124
1125,2022虎年涂装客货型*32,2022虎年涂装客货型*32,3360,1,1,13,1,1125
1126,2022虎年涂装客货型*32,2022虎年涂装客货型*32,6720,1,1,13,1,1126
1127,2022虎年涂装客货型*32,2022虎年涂装客货型*32,10080,1,1,13,1,1127
1128,2022虎年涂装客货型*32,2022虎年涂装客货型*32,13440,1,1,13,1,1128
1129,2022虎年涂装客货型*32,2022虎年涂装客货型*32,16800,1,1,13,1,1129
1130,小玉号客运型*32,小玉号客运型*32,33600,1,1,12,1,1130
1131,小玉号客运型*32,小玉号客运型*32,3360,1,1,13,1,1131
1132,小玉号客运型*32,小玉号客运型*32,6720,1,1,13,1,1132
1133,小玉号客运型*32,小玉号客运型*32,10080,1,1,13,1,1133
1134,小玉号客运型*32,小玉号客运型*32,13440,1,1,13,1,1134
1135,小玉号客运型*32,小玉号客运型*32,16800,1,1,13,1,1135
1136,小玉号货运型*32,小玉号货运型*32,33600,1,1,12,1,1136
1137,小玉号货运型*32,小玉号货运型*32,3360,1,1,13,1,1137
1138,小玉号货运型*32,小玉号货运型*32,6720,1,1,13,1,1138
1139,小玉号货运型*32,小玉号货运型*32,10080,1,1,13,1,1139
1140,小玉号货运型*32,小玉号货运型*32,13440,1,1,13,1,1140
1141,小玉号货运型*32,小玉号货运型*32,16800,1,1,13,1,1141
1142,小玉号客货型*32,小玉号客货型*32,33600,1,1,12,1,1142
1143,小玉号客货型*32,小玉号客货型*32,3360,1,1,13,1,1143
1144,小玉号客货型*32,小玉号客货型*32,6720,1,1,13,1,1144
1145,小玉号客货型*32,小玉号客货型*32,10080,1,1,13,1,1145
1146,小玉号客货型*32,小玉号客货型*32,13440,1,1,13,1,1146
1147,小玉号客货型*32,小玉号客货型*32,16800,1,1,13,1,1147
1148,埃维利亚自由号客运型,埃维利亚自由号客运型,450,1,64,1,1,1148
1149,埃维利亚自由号货运型,埃维利亚自由号货运型,450,1,64,1,1,1149
1150,埃维利亚自由号客货型,埃维利亚自由号客货型,450,1,64,1,1,1150
1151,蒙特利尔双层客运型,蒙特利尔双层客运型,450,1,64,1,1,1151
1152,蒙特利尔双层货运型,蒙特利尔双层货运型,450,1,64,1,1,1152
1153,蒙特利尔双层客货型,蒙特利尔双层客货型,450,1,64,1,1,1153
1154,光明线号客运型,光明线号客运型,425,1,64,1,1,1154
1155,光明线号货运型,光明线号货运型,425,1,64,1,1,1155
1156,光明线号客货型,光明线号客货型,425,1,64,1,1,1156
1157,TGV PSE客运型*32,TGV PSE客运型*32,33600,1,1,12,1,1157
1158,TGV PSE客运型*32,TGV PSE客运型*32,3360,1,1,13,1,1158
1159,TGV PSE客运型*32,TGV PSE客运型*32,6720,1,1,13,1,1159
1160,TGV PSE客运型*32,TGV PSE客运型*32,10080,1,1,13,1,1160
1161,TGV PSE客运型*32,TGV PSE客运型*32,13440,1,1,13,1,1161
1162,TGV PSE客运型*32,TGV PSE客运型*32,16800,1,1,13,1,1162
1163,TGV PSE货运型*32,TGV PSE货运型*32,33600,1,1,12,1,1163
1164,TGV PSE货运型*32,TGV PSE货运型*32,3360,1,1,13,1,1164
1165,TGV PSE货运型*32,TGV PSE货运型*32,6720,1,1,13,1,1165
1166,TGV PSE货运型*32,TGV PSE货运型*32,10080,1,1,13,1,1166
1167,TGV PSE货运型*32,TGV PSE货运型*32,13440,1,1,13,1,1167
1168,TGV PSE货运型*32,TGV PSE货运型*32,16800,1,1,13,1,1168
1169,TGV PSE客货型*32,TGV PSE客货型*32,33600,1,1,12,1,1169
1170,TGV PSE客货型*32,TGV PSE客货型*32,3360,1,1,13,1,1170
1171,TGV PSE客货型*32,TGV PSE客货型*32,6720,1,1,13,1,1171
1172,TGV PSE客货型*32,TGV PSE客货型*32,10080,1,1,13,1,1172
1173,TGV PSE客货型*32,TGV PSE客货型*32,13440,1,1,13,1,1173
1174,TGV PSE客货型*32,TGV PSE客货型*32,16800,1,1,13,1,1174
1175,费城不锈钢双层列车客运型*32,费城不锈钢双层列车客运型*32,33600,1,1,12,1,1175
1176,费城不锈钢双层列车客运型*32,费城不锈钢双层列车客运型*32,3360,1,1,13,1,1176
1177,费城不锈钢双层列车客运型*32,费城不锈钢双层列车客运型*32,6720,1,1,13,1,1177
1178,费城不锈钢双层列车客运型*32,费城不锈钢双层列车客运型*32,10080,1,1,13,1,1178
1179,费城不锈钢双层列车客运型*32,费城不锈钢双层列车客运型*32,13440,1,1,13,1,1179
1180,费城不锈钢双层列车客运型*32,费城不锈钢双层列车客运型*32,16800,1,1,13,1,1180
1181,费城不锈钢双层列车货运型*32,费城不锈钢双层列车货运型*32,33600,1,1,12,1,1181
1182,费城不锈钢双层列车货运型*32,费城不锈钢双层列车货运型*32,3360,1,1,13,1,1182
1183,费城不锈钢双层列车货运型*32,费城不锈钢双层列车货运型*32,6720,1,1,13,1,1183
1184,费城不锈钢双层列车货运型*32,费城不锈钢双层列车货运型*32,10080,1,1,13,1,1184
1185,费城不锈钢双层列车货运型*32,费城不锈钢双层列车货运型*32,13440,1,1,13,1,1185
1186,费城不锈钢双层列车货运型*32,费城不锈钢双层列车货运型*32,16800,1,1,13,1,1186
1187,费城不锈钢双层列车客货型*32,费城不锈钢双层列车客货型*32,33600,1,1,12,1,1187
1188,费城不锈钢双层列车客货型*32,费城不锈钢双层列车客货型*32,3360,1,1,13,1,1188
1189,费城不锈钢双层列车客货型*32,费城不锈钢双层列车客货型*32,6720,1,1,13,1,1189
1190,费城不锈钢双层列车客货型*32,费城不锈钢双层列车客货型*32,10080,1,1,13,1,1190
1191,费城不锈钢双层列车客货型*32,费城不锈钢双层列车客货型*32,13440,1,1,13,1,1191
1192,费城不锈钢双层列车客货型*32,费城不锈钢双层列车客货型*32,16800,1,1,13,1,1192
1193,埃维利亚自由号客运型*32,埃维利亚自由号客运型*32,33600,1,1,12,1,1193
1194,埃维利亚自由号客运型*32,埃维利亚自由号客运型*32,3360,1,1,13,1,1194
1195,埃维利亚自由号客运型*32,埃维利亚自由号客运型*32,6720,1,1,13,1,1195
1196,埃维利亚自由号客运型*32,埃维利亚自由号客运型*32,10080,1,1,13,1,1196
1197,埃维利亚自由号客运型*32,埃维利亚自由号客运型*32,13440,1,1,13,1,1197
1198,埃维利亚自由号客运型*32,埃维利亚自由号客运型*32,16800,1,1,13,1,1198
1199,埃维利亚自由号货运型*32,埃维利亚自由号货运型*32,33600,1,1,12,1,1199
1200,埃维利亚自由号货运型*32,埃维利亚自由号货运型*32,3360,1,1,13,1,1200
1201,埃维利亚自由号货运型*32,埃维利亚自由号货运型*32,6720,1,1,13,1,1201
1202,埃维利亚自由号货运型*32,埃维利亚自由号货运型*32,10080,1,1,13,1,1202
1203,埃维利亚自由号货运型*32,埃维利亚自由号货运型*32,13440,1,1,13,1,1203
1204,埃维利亚自由号货运型*32,埃维利亚自由号货运型*32,16800,1,1,13,1,1204
1205,埃维利亚自由号客货型*32,埃维利亚自由号客货型*32,33600,1,1,12,1,1205
1206,埃维利亚自由号客货型*32,埃维利亚自由号客货型*32,3360,1,1,13,1,1206
1207,埃维利亚自由号客货型*32,埃维利亚自由号客货型*32,6720,1,1,13,1,1207
1208,埃维利亚自由号客货型*32,埃维利亚自由号客货型*32,10080,1,1,13,1,1208
1209,埃维利亚自由号客货型*32,埃维利亚自由号客货型*32,13440,1,1,13,1,1209
1210,埃维利亚自由号客货型*32,埃维利亚自由号客货型*32,16800,1,1,13,1,1210
1211,蒙特利尔双层客运型*32,蒙特利尔双层客运型*32,33600,1,1,12,1,1211
1212,蒙特利尔双层客运型*32,蒙特利尔双层客运型*32,3360,1,1,13,1,1212
1213,蒙特利尔双层客运型*32,蒙特利尔双层客运型*32,6720,1,1,13,1,1213
1214,蒙特利尔双层客运型*32,蒙特利尔双层客运型*32,10080,1,1,13,1,1214
1215,蒙特利尔双层客运型*32,蒙特利尔双层客运型*32,13440,1,1,13,1,1215
1216,蒙特利尔双层客运型*32,蒙特利尔双层客运型*32,16800,1,1,13,1,1216
1217,蒙特利尔双层货运型*32,蒙特利尔双层货运型*32,33600,1,1,12,1,1217
1218,蒙特利尔双层货运型*32,蒙特利尔双层货运型*32,3360,1,1,13,1,1218
1219,蒙特利尔双层货运型*32,蒙特利尔双层货运型*32,6720,1,1,13,1,1219
1220,蒙特利尔双层货运型*32,蒙特利尔双层货运型*32,10080,1,1,13,1,1220
1221,蒙特利尔双层货运型*32,蒙特利尔双层货运型*32,13440,1,1,13,1,1221
1222,蒙特利尔双层货运型*32,蒙特利尔双层货运型*32,16800,1,1,13,1,1222
1223,蒙特利尔双层客货型*32,蒙特利尔双层客货型*32,33600,1,1,12,1,1223
1224,蒙特利尔双层客货型*32,蒙特利尔双层客货型*32,3360,1,1,13,1,1224
1225,蒙特利尔双层客货型*32,蒙特利尔双层客货型*32,6720,1,1,13,1,1225
1226,蒙特利尔双层客货型*32,蒙特利尔双层客货型*32,10080,1,1,13,1,1226
1227,蒙特利尔双层客货型*32,蒙特利尔双层客货型*32,13440,1,1,13,1,1227
1228,蒙特利尔双层客货型*32,蒙特利尔双层客货型*32,16800,1,1,13,1,1228
1229,INDIAN-PACIFIC号客运型,INDIAN-PACIFIC号客运型,425,1,64,1,1,1229
1230,INDIAN-PACIFIC号货运型,INDIAN-PACIFIC号货运型,425,1,64,1,1,1230
1231,INDIAN-PACIFIC号客货型,INDIAN-PACIFIC号客货型,425,1,64,1,1,1231
1232,2022国庆涂装号客运型,2022国庆涂装号客运型,650,1,64,1,1,1232
1233,2022国庆涂装号货运型,2022国庆涂装号货运型,650,1,64,1,1,1233
1234,2022国庆涂装号客货型,2022国庆涂装号客货型,650,1,64,1,1,1234
1235,兴国号号客运型,兴国号号客运型,425,1,64,1,1,1235
1236,兴国号号货运型,兴国号号货运型,425,1,64,1,1,1236
1237,兴国号号客货型,兴国号号客货型,425,1,64,1,1,1237
1238,光明线客运型*32,光明线客运型*32,33600,1,1,12,1,1238
1239,光明线客运型*32,光明线客运型*32,3360,1,1,13,1,1239
1240,光明线客运型*32,光明线客运型*32,6720,1,1,13,1,1240
1241,光明线客运型*32,光明线客运型*32,10080,1,1,13,1,1241
1242,光明线客运型*32,光明线客运型*32,13440,1,1,13,1,1242
1243,光明线客运型*32,光明线客运型*32,16800,1,1,13,1,1243
1244,光明线货运型*32,光明线货运型*32,33600,1,1,12,1,1244
1245,光明线货运型*32,光明线货运型*32,3360,1,1,13,1,1245
1246,光明线货运型*32,光明线货运型*32,6720,1,1,13,1,1246
1247,光明线货运型*32,光明线货运型*32,10080,1,1,13,1,1247
1248,光明线货运型*32,光明线货运型*32,13440,1,1,13,1,1248
1249,光明线货运型*32,光明线货运型*32,16800,1,1,13,1,1249
1250,光明线客货型*32,光明线客货型*32,33600,1,1,12,1,1250
1251,光明线客货型*32,光明线客货型*32,3360,1,1,13,1,1251
1252,光明线客货型*32,光明线客货型*32,6720,1,1,13,1,1252
1253,光明线客货型*32,光明线客货型*32,10080,1,1,13,1,1253
1254,光明线客货型*32,光明线客货型*32,13440,1,1,13,1,1254
1255,光明线客货型*32,光明线客货型*32,16800,1,1,13,1,1255
1256,INDIAN-PACIFIC客运型*32,INDIAN-PACIFIC客运型*32,33600,1,1,12,1,1256
1257,INDIAN-PACIFIC客运型*32,INDIAN-PACIFIC客运型*32,3360,1,1,13,1,1257
1258,INDIAN-PACIFIC客运型*32,INDIAN-PACIFIC客运型*32,6720,1,1,13,1,1258
1259,INDIAN-PACIFIC客运型*32,INDIAN-PACIFIC客运型*32,10080,1,1,13,1,1259
1260,INDIAN-PACIFIC客运型*32,INDIAN-PACIFIC客运型*32,13440,1,1,13,1,1260
1261,INDIAN-PACIFIC客运型*32,INDIAN-PACIFIC客运型*32,16800,1,1,13,1,1261
1262,INDIAN-PACIFIC货运型*32,INDIAN-PACIFIC货运型*32,33600,1,1,12,1,1262
1263,INDIAN-PACIFIC货运型*32,INDIAN-PACIFIC货运型*32,3360,1,1,13,1,1263
1264,INDIAN-PACIFIC货运型*32,INDIAN-PACIFIC货运型*32,6720,1,1,13,1,1264
1265,INDIAN-PACIFIC货运型*32,INDIAN-PACIFIC货运型*32,10080,1,1,13,1,1265
1266,INDIAN-PACIFIC货运型*32,INDIAN-PACIFIC货运型*32,13440,1,1,13,1,1266
1267,INDIAN-PACIFIC货运型*32,INDIAN-PACIFIC货运型*32,16800,1,1,13,1,1267
1268,INDIAN-PACIFIC客货型*32,INDIAN-PACIFIC客货型*32,33600,1,1,12,1,1268
1269,INDIAN-PACIFIC客货型*32,INDIAN-PACIFIC客货型*32,3360,1,1,13,1,1269
1270,INDIAN-PACIFIC客货型*32,INDIAN-PACIFIC客货型*32,6720,1,1,13,1,1270
1271,INDIAN-PACIFIC客货型*32,INDIAN-PACIFIC客货型*32,10080,1,1,13,1,1271
1272,INDIAN-PACIFIC客货型*32,INDIAN-PACIFIC客货型*32,13440,1,1,13,1,1272
1273,INDIAN-PACIFIC客货型*32,INDIAN-PACIFIC客货型*32,16800,1,1,13,1,1273
1274,2022国庆涂装客运型*32,2022国庆涂装客运型*32,33600,1,1,12,1,1274
1275,2022国庆涂装客运型*32,2022国庆涂装客运型*32,3360,1,1,13,1,1275
1276,2022国庆涂装客运型*32,2022国庆涂装客运型*32,6720,1,1,13,1,1276
1277,2022国庆涂装客运型*32,2022国庆涂装客运型*32,10080,1,1,13,1,1277
1278,2022国庆涂装客运型*32,2022国庆涂装客运型*32,13440,1,1,13,1,1278
1279,2022国庆涂装客运型*32,2022国庆涂装客运型*32,16800,1,1,13,1,1279
1280,2022国庆涂装货运型*32,2022国庆涂装货运型*32,33600,1,1,12,1,1280
1281,2022国庆涂装货运型*32,2022国庆涂装货运型*32,3360,1,1,13,1,1281
1282,2022国庆涂装货运型*32,2022国庆涂装货运型*32,6720,1,1,13,1,1282
1283,2022国庆涂装货运型*32,2022国庆涂装货运型*32,10080,1,1,13,1,1283
1284,2022国庆涂装货运型*32,2022国庆涂装货运型*32,13440,1,1,13,1,1284
1285,2022国庆涂装货运型*32,2022国庆涂装货运型*32,16800,1,1,13,1,1285
1286,2022国庆涂装客货型*32,2022国庆涂装客货型*32,33600,1,1,12,1,1286
1287,2022国庆涂装客货型*32,2022国庆涂装客货型*32,3360,1,1,13,1,1287
1288,2022国庆涂装客货型*32,2022国庆涂装客货型*32,6720,1,1,13,1,1288
1289,2022国庆涂装客货型*32,2022国庆涂装客货型*32,10080,1,1,13,1,1289
1290,2022国庆涂装客货型*32,2022国庆涂装客货型*32,13440,1,1,13,1,1290
1291,2022国庆涂装客货型*32,2022国庆涂装客货型*32,16800,1,1,13,1,1291
1292,兴国号客运型*32,兴国号客运型*32,33600,1,1,12,1,1292
1293,兴国号客运型*32,兴国号客运型*32,3360,1,1,13,1,1293
1294,兴国号客运型*32,兴国号客运型*32,6720,1,1,13,1,1294
1295,兴国号客运型*32,兴国号客运型*32,10080,1,1,13,1,1295
1296,兴国号客运型*32,兴国号客运型*32,13440,1,1,13,1,1296
1297,兴国号客运型*32,兴国号客运型*32,16800,1,1,13,1,1297
1298,兴国号货运型*32,兴国号货运型*32,33600,1,1,12,1,1298
1299,兴国号货运型*32,兴国号货运型*32,3360,1,1,13,1,1299
1300,兴国号货运型*32,兴国号货运型*32,6720,1,1,13,1,1300
1301,兴国号货运型*32,兴国号货运型*32,10080,1,1,13,1,1301
1302,兴国号货运型*32,兴国号货运型*32,13440,1,1,13,1,1302
1303,兴国号货运型*32,兴国号货运型*32,16800,1,1,13,1,1303
1304,兴国号客货型*32,兴国号客货型*32,33600,1,1,12,1,1304
1305,兴国号客货型*32,兴国号客货型*32,3360,1,1,13,1,1305
1306,兴国号客货型*32,兴国号客货型*32,6720,1,1,13,1,1306
1307,兴国号客货型*32,兴国号客货型*32,10080,1,1,13,1,1307
1308,兴国号客货型*32,兴国号客货型*32,13440,1,1,13,1,1308
1309,兴国号客货型*32,兴国号客货型*32,16800,1,1,13,1,1309
1310,冰川列车客运型*32,冰川列车客运型*32,33600,1,1,12,1,1310
1311,冰川列车客运型*32,冰川列车客运型*32,3360,1,1,13,1,1311
1312,冰川列车客运型*32,冰川列车客运型*32,6720,1,1,13,1,1312
1313,冰川列车客运型*32,冰川列车客运型*32,10080,1,1,13,1,1313
1314,冰川列车客运型*32,冰川列车客运型*32,13440,1,1,13,1,1314
1315,冰川列车客运型*32,冰川列车客运型*32,16800,1,1,13,1,1315
1316,冰川列车货运型*32,冰川列车货运型*32,33600,1,1,12,1,1316
1317,冰川列车货运型*32,冰川列车货运型*32,3360,1,1,13,1,1317
1318,冰川列车货运型*32,冰川列车货运型*32,6720,1,1,13,1,1318
1319,冰川列车货运型*32,冰川列车货运型*32,10080,1,1,13,1,1319
1320,冰川列车货运型*32,冰川列车货运型*32,13440,1,1,13,1,1320
1321,冰川列车货运型*32,冰川列车货运型*32,16800,1,1,13,1,1321
1322,冰川列车客货型*32,冰川列车客货型*32,33600,1,1,12,1,1322
1323,冰川列车客货型*32,冰川列车客货型*32,3360,1,1,13,1,1323
1324,冰川列车客货型*32,冰川列车客货型*32,6720,1,1,13,1,1324
1325,冰川列车客货型*32,冰川列车客货型*32,10080,1,1,13,1,1325
1326,冰川列车客货型*32,冰川列车客货型*32,13440,1,1,13,1,1326
1327,冰川列车客货型*32,冰川列车客货型*32,16800,1,1,13,1,1327
1328,冰川列车号客运型,冰川列车号客运型,425,1,64,1,1,1328
1329,冰川列车号货运型,冰川列车号货运型,425,1,64,1,1,1329
1330,冰川列车号客货型,冰川列车号客货型,425,1,64,1,1,1330
1331,机电混动力调车号客运型,机电混动力调车号客运型,425,1,64,1,1,1331
1332,机电混动力调车号货运型,机电混动力调车号货运型,425,1,64,1,1,1332
1333,机电混动力调车号客货型,机电混动力调车号客货型,425,1,64,1,1,1333
1334,2022圣诞节涂装号客运型,2022圣诞节涂装号客运型,400,1,64,1,1,1334
1335,2022圣诞节涂装号货运型,2022圣诞节涂装号货运型,400,1,64,1,1,1335
1336,2022圣诞节涂装号客货型,2022圣诞节涂装号客货型,400,1,64,1,1,1336
1337,中国龙中速磁悬浮客运型,中国龙中速磁悬浮客运型,425,1,64,1,1,1337
1338,中国龙中速磁悬浮货运型,中国龙中速磁悬浮货运型,425,1,64,1,1,1338
1339,中国龙中速磁悬浮客货型,中国龙中速磁悬浮客货型,425,1,64,1,1,1339
1340,2023兔年涂装客运型,2023兔年涂装客运型,600,1,64,1,1,1340
1341,2023兔年涂装货运型,2023兔年涂装货运型,600,1,64,1,1,1341
1342,2023兔年涂装客货型,2023兔年涂装客货型,600,1,64,1,1,1342
1343,瑞雪迎春复兴号客运型,瑞雪迎春复兴号客运型,400,1,64,1,1,1343
1344,瑞雪迎春复兴号货运型,瑞雪迎春复兴号货运型,400,1,64,1,1,1344
1345,瑞雪迎春复兴号客货型,瑞雪迎春复兴号客货型,400,1,64,1,1,1345
1346,中速磁悬浮客运型,中速磁悬浮客运型,425,1,64,1,1,1346
1347,中速磁悬浮货运型,中速磁悬浮货运型,425,1,64,1,1,1347
1348,中速磁悬浮客货型,中速磁悬浮客货型,425,1,64,1,1,1348
1349,秦旅山海号客运型,秦旅山海号客运型,425,1,64,1,1,1349
1350,秦旅山海号货运型,秦旅山海号货运型,425,1,64,1,1,1350
1351,秦旅山海号客货型,秦旅山海号客货型,425,1,64,1,1,1351
1352,36+3特快列车客运型,36+3特快列车客运型,550,0,0,1,1,1352
1353,36+3特快列车货运型,36+3特快列车货运型,550,0,0,1,1,1353
1354,36+3特快列车客货型,36+3特快列车客货型,550,0,0,1,1,1354
1355,极光夜高速列车客运型,极光夜高速列车客运型,350,0,0,1,1,1355
1356,极光夜高速列车货运型,极光夜高速列车货运型,350,0,0,1,1,1356
1357,极光夜高速列车客货型,极光夜高速列车客货型,350,0,0,1,1,1357
1358,车厢_KCIC400AF动车组客运型,车厢_KCIC400AF动车组客运型,250,0,0,11,1,1358
1359,底盘_KCIC400AF动车组客运型,底盘_KCIC400AF动车组客运型,250,0,0,11,1,1359
1360,车头_KCIC400AF动车组客运型,车头_KCIC400AF动车组客运型,250,0,0,11,1,1360
1361,图纸_KCIC400AF动车组客运型,图纸_KCIC400AF动车组客运型,250,0,0,11,1,1361
1362,车厢_KCIC400AF动车组货运型,车厢_KCIC400AF动车组货运型,250,0,0,11,1,1362
1363,底盘_KCIC400AF动车组货运型,底盘_KCIC400AF动车组货运型,250,0,0,11,1,1363
1364,车头_KCIC400AF动车组货运型,车头_KCIC400AF动车组货运型,250,0,0,11,1,1364
1365,图纸_KCIC400AF动车组货运型,图纸_KCIC400AF动车组货运型,250,0,0,11,1,1365
1366,车厢_KCIC400AF动车组客货型,车厢_KCIC400AF动车组客货型,250,0,0,11,1,1366
1367,底盘_KCIC400AF动车组客货型,底盘_KCIC400AF动车组客货型,250,0,0,11,1,1367
1368,车头_KCIC400AF动车组客货型,车头_KCIC400AF动车组客货型,250,0,0,11,1,1368
1369,图纸_KCIC400AF动车组客货型,图纸_KCIC400AF动车组客货型,250,0,0,11,1,1369
1370,英国皇家号列车客运型,英国皇家号列车客运型,400,0,0,1,1,1370
1371,英国皇家号列车货运型,英国皇家号列车货运型,400,0,0,1,1,1371
1372,英国皇家号列车客货型,英国皇家号列车客货型,400,0,0,1,1,1372
1373,新型2ES7电力机车客运型,新型2ES7电力机车客运型,400,0,0,1,1,1373
1374,新型2ES7电力机车货运型,新型2ES7电力机车货运型,400,0,0,1,1,1374
1375,新型2ES7电力机车客货型,新型2ES7电力机车客货型,400,0,0,1,1,1375
1376,西门子Desiro HC双层列车客运型,西门子Desiro HC双层列车客运型,400,0,0,1,1,1376
1377,西门子Desiro HC双层列车货运型,西门子Desiro HC双层列车货运型,400,0,0,1,1,1377
1378,西门子Desiro HC双层列车客货型,西门子Desiro HC双层列车客货型,400,0,0,1,1,1378
1379,2024龙年涂装客运型,2024龙年涂装客运型,550,0,0,1,1,1379
1380,2024龙年涂装货运型,2024龙年涂装货运型,550,0,0,1,1,1380
1381,2024龙年涂装客货型,2024龙年涂装客货型,550,0,0,1,1,1381
1382,悉尼双层列车客运型,悉尼双层列车客运型,350,0,0,1,1,1382
1383,悉尼双层列车货运型,悉尼双层列车货运型,350,0,0,1,1,1383
1384,悉尼双层列车客货型,悉尼双层列车客货型,350,0,0,1,1,1384
1385,100绿宝石,100绿宝石,130,1,10,3,2,1385
1386,500绿宝石,500绿宝石,625,1,10,3,2,1386
1387,2000绿宝石,2000绿宝石,2600,1,10,3,2,1387
1388,5000绿宝石,5000绿宝石,5000,1,10,3,2,1388
1389,必和必拓铁矿火车客运型,必和必拓铁矿火车客运型,400,0,0,1,1,1389
1390,必和必拓铁矿火车货运型,必和必拓铁矿火车货运型,400,0,0,1,1,1390
1391,必和必拓铁矿火车客货型,必和必拓铁矿火车客货型,400,0,0,1,1,1391
1392,波兰 Impuls2列车客运型,波兰 Impuls2列车客运型,550,0,0,1,1,1392
1393,波兰 Impuls2列车货运型,波兰 Impuls2列车货运型,550,0,0,1,1,1393
1394,波兰 Impuls2列车客货型,波兰 Impuls2列车客货型,550,0,0,1,1,1394
1395,伯尔尼纳快车客运型,伯尔尼纳快车客运型,350,0,0,1,1,1395
1396,伯尔尼纳快车货运型,伯尔尼纳快车货运型,350,0,0,1,1,1396
1397,伯尔尼纳快车客货型,伯尔尼纳快车客货型,350,0,0,1,1,1397
1398,富士山观景特快列车客运型,富士山观景特快列车客运型,400,0,0,1,1,1398
1399,富士山观景特快列车货运型,富士山观景特快列车货运型,400,0,0,1,1,1399
1400,富士山观景特快列车客货型,富士山观景特快列车客货型,400,0,0,1,1,1400
1401,澜沧号动车客运型,澜沧号动车客运型,400,0,0,1,1,1401
1402,澜沧号动车货运型,澜沧号动车货运型,400,0,0,1,1,1402
1403,澜沧号动车客货型,澜沧号动车客货型,400,0,0,1,1,1403
1404,钢轨打磨车客运型,钢轨打磨车客运型,400,0,0,1,1,1404
1405,钢轨打磨车货运型,钢轨打磨车货运型,400,0,0,1,1,1405
1406,钢轨打磨车客货型,钢轨打磨车客货型,400,0,0,1,1,1406
1407,莫斯科2020列车客运型,莫斯科2020列车客运型,400,0,0,1,1,1407
1408,莫斯科2020列车货运型,莫斯科2020列车货运型,400,0,0,1,1,1408
1409,莫斯科2020列车客货型,莫斯科2020列车客货型,400,0,0,1,1,1409
1410,EMD AEM-7型电力机车客运型,EMD AEM-7型电力机车客运型,350,0,0,1,1,1410
1411,EMD AEM-7型电力机车货运型,EMD AEM-7型电力机车货运型,350,0,0,1,1,1411
1412,EMD AEM-7型电力机车客货型,EMD AEM-7型电力机车客货型,350,0,0,1,1,1412
1413,400系新型电车客运型,400系新型电车客运型,550,0,0,1,1,1413
1414,400系新型电车货运型,400系新型电车货运型,550,0,0,1,1,1414
1415,400系新型电车客货型,400系新型电车客货型,550,0,0,1,1,1415
1416,Travca机车客运型,Travca机车客运型,400,0,0,1,1,1416
1417,Travca机车货运型,Travca机车货运型,400,0,0,1,1,1417
1418,Travca机车客货型,Travca机车客货型,400,0,0,1,1,1418
1419,玲珑号磁浮列车客运型,玲珑号磁浮列车客运型,400,0,0,1,1,1419
1420,玲珑号磁浮列车货运型,玲珑号磁浮列车货运型,400,0,0,1,1,1420
1421,玲珑号磁浮列车客货型,玲珑号磁浮列车客货型,400,0,0,1,1,1421
1422,瑞士联邦铁路 BR193客运型,瑞士联邦铁路 BR193客运型,400,0,0,1,1,1422
1423,瑞士联邦铁路 BR193货运型,瑞士联邦铁路 BR193货运型,400,0,0,1,1,1423
1424,瑞士联邦铁路 BR193客货型,瑞士联邦铁路 BR193客货型,400,0,0,1,1,1424
1425,AeroLiner3000客运型,AeroLiner3000客运型,350,0,0,1,1,1425
1426,AeroLiner3000货运型,AeroLiner3000货运型,350,0,0,1,1,1426
1427,AeroLiner3000客货型,AeroLiner3000客货型,350,0,0,1,1,1427
1428,2025蛇年涂装客运型,2025蛇年涂装客运型,550,0,0,1,1,1428
1429,2025蛇年涂装货运型,2025蛇年涂装货运型,550,0,0,1,1,1429
1430,2025蛇年涂装客货型,2025蛇年涂装客货型,550,0,0,1,1,1430
1431,俄罗斯ESh2客运型,俄罗斯ESh2客运型,400,0,0,1,1,1431
1432,俄罗斯ESh2货运型,俄罗斯ESh2货运型,400,0,0,1,1,1432
1433,俄罗斯ESh2客货型,俄罗斯ESh2客货型,400,0,0,1,1,1433
1434,飞龙复兴号客运型,飞龙复兴号客运型,400,0,0,1,1,1434
1435,飞龙复兴号货运型,飞龙复兴号货运型,400,0,0,1,1,1435
1436,飞龙复兴号客货型,飞龙复兴号客货型,400,0,0,1,1,1436
1437,金色山口列车客运型,金色山口列车客运型,350,0,0,1,1,1437
1438,金色山口列车货运型,金色山口列车货运型,350,0,0,1,1,1438
1439,金色山口列车客货型,金色山口列车客货型,350,0,0,1,1,1439
1440,KCIC400AF动车组客运型,KCIC400AF动车组客运型,550,0,0,1,1,1440
1441,KCIC400AF动车组货运型,KCIC400AF动车组货运型,550,0,0,1,1,1441
1442,KCIC400AF动车组客货型,KCIC400AF动车组客货型,550,0,0,1,1,1442
1443,欧洲之星城际列车客运型,欧洲之星城际列车客运型,400,0,0,1,1,1443
1444,欧洲之星城际列车货运型,欧洲之星城际列车货运型,400,0,0,1,1,1444
1445,欧洲之星城际列车客货型,欧洲之星城际列车客货型,400,0,0,1,1,1445
1446,孔雀石3ES8型电力机车客运型,孔雀石3ES8型电力机车客运型,400,1,32,1,1,1446
1447,孔雀石3ES8型电力机车货运型,孔雀石3ES8型电力机车货运型,400,1,32,1,1,1447
1448,孔雀石3ES8型电力机车客货型,孔雀石3ES8型电力机车客货型,400,1,32,1,1,1448
