col_0,col_1,col_2
1,11,哈尔滨冰雪节盛大开幕，慕名来而的游客已经挤爆车站，请各大铁路公司增加车次，缓解交通压力。
1,19,长白山野外生存大赛在长春举行，各地野外生存爱好者已经挤爆车站，请各大铁路公司增加车次，缓解交通压力。
1,33,世界二人转大赛在沈阳举行，各国二人转演员已经挤爆车站，请各大铁路公司增加车次，缓解交通压力。
1,47,奥运会再次在北京举行，各国运动选手集结已经挤爆车站，请各大铁路公司增加车次，缓解交通压力。
1,48,德云社天津相声大会开幕，各地相声迷已经挤爆车站，请各大铁路公司增加车次，缓解交通压力。
1,53,世界马术大赛在呼和浩特举行，各国骑手已经挤爆车站，请各大铁路公司增加车次，缓解交通压力。
1,61,WUO音乐嘉年华在石家庄举行，各地乐迷已经挤爆车站，请各大铁路公司增加车次，缓解交通压力。
1,69,世界泉水文化节在济南举办，游客已经挤爆车站，请各大铁路公司增加车次，缓解交通压力。
1,78,世界醋王大赛在太原举行，各国吃醋爱好者已经挤爆车站，请各大铁路公司增加车次，缓解交通压力。
1,86,枸杞丰收大会在银川举行，各地商人云集，已经挤爆车站，请各大铁路公司增加车次，缓解交通压力。
1,109,世界武术争霸赛在郑州开幕，各地武林高手已经挤爆车站，请各大铁路公司增加车次，缓解交通压力。
1,136,南京梅花节盛大开幕，各地游客已经挤爆车站，请各大铁路公司增加车次，缓解交通压力。
1,138,上海迪士免费开放导致游客数量巨增已经挤爆车站，请各大铁路公司增加车次，缓解交通压力。
1,142,世界马拉松大赛在合肥举行，各国参赛者已经挤爆车站，请各大铁路公司增加车次，缓解交通压力。
1,151,嘻哈电音节在武汉举行，各地嘻哈粉已经挤爆车站，请各大铁路公司增加车次，缓解交通压力。
1,153,西安石榴节火热进行中，各地游客已经挤爆车站，请各大铁路公司增加车次，缓解交通压力。
1,168,重庆火锅节开幕全城火锅免费吃，各地吃货已经挤爆车站，请各大铁路公司增加车次，缓解交通压力。
1,171,大熊猫开放自由领养，各地铲屎官云集成都，已经挤爆车站，请各大铁路公司增加车次，缓解交通压力。
1,186,春城赏花会在昆明举办，各地养花爱好者已经挤爆车站，请各大铁路公司增加车次，缓解交通压力。
1,193,世界拉面大赛在兰州举行，各国吃货云集，已经挤爆车站，请各大铁路公司增加车次，缓解交通压力。
1,194,世界汽车拉力赛在西宁举行，各国比赛选手已经挤爆车站，请各大铁路公司增加车次，缓解交通压力。
1,210,茅台文化节在贵阳开幕，各地茅台爱好者已经挤爆车站，请各大铁路公司增加车次，缓解交通压力。
1,218,国际民歌大赛在南宁举行，各地歌手云集，已经挤爆车站，请各大铁路公司增加车次，缓解交通压力。
1,227,世界赌王大赛在澳门举行，各地赌王云集已经挤爆车站，请各大铁路公司增加车次，缓解交通压力。
1,234,迈克杰克逊复活演唱会在广州开演，各国歌迷已经挤爆车站，请各大铁路公司增加车次，缓解交通压力。
1,237,歌神张学友在香港举行演唱会，各地歌迷已经挤爆车站，请各大铁路公司增加车次，缓解交通压力。
1,262,世界刺绣展览会在长沙举行，各地游客已经挤爆车站，请各大铁路公司增加车次，缓解交通压力。
1,272,世界电子竞技大赛在南昌举行，各国电竞参赛者已经挤爆车站，请各大铁路公司增加车次，缓解交通压力。
1,291,亚洲音乐天王周杰伦演唱会在台北举行，各地歌迷已经挤爆车站，请各大铁路公司增加车次，缓解交通压力。
1,293,海峡两岸文化交流节在福州举办，各地侨胞已经挤爆车站，请各大铁路公司增加车次，缓解交通压力。
1,296,世界茶叶鉴赏会在杭州举办，各国茶客已经挤爆车站，请各大铁路公司增加车次，缓解交通压力。
1,298,世界水果节在乌鲁木齐举行，各地水果商已经挤爆车站，请各大铁路公司增加车次，缓解交通压力。
1,302,徒手攀登珠峰大赛在拉萨举行，各地登山狂人已经挤爆车站，请各大铁路公司增加车次，缓解交通压力。
1,304,世界帆船大赛在海口举行，各国选手已经挤爆车站，请各大铁路公司增加车次，缓解交通压力。
2,500,莫斯科红场举行盛大庆典 在莫斯科举行，游客已经挤爆车站，请各大铁路公司增加车次，缓解交通压力。
2,501,巴黎的帝王节在巴黎举行，游客已经挤爆车站，请各大铁路公司增加车次，缓解交通压力。
2,502,意大利足球甲级联赛在罗马举行，游客已经挤爆车站，请各大铁路公司增加车次，缓解交通压力。
2,503,切尔西花展在伦敦举行，游客已经挤爆车站，请各大铁路公司增加车次，缓解交通压力。
2,504,柏林文化狂欢节在柏林举行，游客已经挤爆车站，请各大铁路公司增加车次，缓解交通压力。
2,509,圣伊西德罗节在马德里举行，游客已经挤爆车站，请各大铁路公司增加车次，缓解交通压力。
2,510,泛雅典娜节在雅典举行，游客已经挤爆车站，请各大铁路公司增加车次，缓解交通压力。
2,525,安卡拉国际电影节在安卡拉受到游客的喜爱，游客已经挤爆车站，请各大铁路公司增加车次，缓解交通压力。
2,526,国际书展在开罗举行，游客已经挤爆车站，请各大铁路公司增加车次，缓解交通压力。
2,527,服装节在的黎波里举行，游客已经挤爆车站，请各大铁路公司增加车次，缓解交通压力。
2,528,突尼斯撒哈拉联欢节在突尼斯城举行，游客已经挤爆车站，请各大铁路公司增加车次，缓解交通压力。
2,529,阿尔及尔博览会在阿尔及尔举行，游客已经挤爆车站，请各大铁路公司增加车次，缓解交通压力。
2,535,花车游行盛典在阿姆斯特丹举行，游客已经挤爆车站，请各大铁路公司增加车次，缓解交通压力。
2,625,Mawazine音乐节在内马举行，游客已经挤爆车站，请各大铁路公司增加车次，缓解交通压力。
3,545,亚当斯摩根日在华盛顿特区举行，游客已经挤爆车站，请各大铁路公司增加车次，缓解交通压力。
3,546,纽约自行车节在纽约举行，自行车爱好者已经挤爆车站，请各大铁路公司增加车次，缓解交通压力。
3,548,休斯敦国际电影节在休斯敦举行，游客已经挤爆车站，请各大铁路公司增加车次，缓解交通压力。
3,549,好莱坞圣诞大游行在洛杉矶举行，游客已经挤爆车站，请各大铁路公司增加车次，缓解交通压力。
3,550,旧金山湾区音乐奖在旧金山举行，游客已经挤爆车站，请各大铁路公司增加车次，缓解交通压力。
3,551,斯卡吉特郁金香节在西雅图举行，游客已经挤爆车站，请各大铁路公司增加车次，缓解交通压力。
3,553,芝加哥圣派翠克节在芝加哥举行，游客已经挤爆车站，请各大铁路公司增加车次，缓解交通压力。
3,554,多伦多加勒比狂欢节在多伦多举行，游客已经挤爆车站，请各大铁路公司增加车次，缓解交通压力。
3,613,费城花展在费城举行，游客已经挤爆车站，请各大铁路公司增加车次，缓解交通压力。
