col_0,col_1,col_2,col_3,col_4,col_5,col_6
1,-1911,1,400,690,100,1
1,-1910,1,400,690,100,1
1,-1909,1,400,690,100,1
1,-1908,1,400,690,100,1
1,-1847,0,360,720,100,1
1,-1846,0,360,720,100,1
1,-1845,0,360,720,100,1
1,-1844,0,360,720,100,1
1,229,0,1000,1850,50,0
1,232,1,140,260,50,0
1,247,0,450,580,50,0
1,256,1,42,78,50,0
1,257,0,800,1480,50,0
1,284,1,42,78,50,0
1,295,1,70,130,50,0
1,298,1,70,130,50,0
1,313,1,28,52,50,0
1,331,0,1100,2040,50,0
1,334,1,175,325,50,0
1,358,1,42,78,50,0
1,416,1,1000,1850,50,0
1,440,0,1100,2040,50,0
1,441,0,1100,2040,50,0
1,448,1,210,390,50,0
1,450,1,42,78,50,0
1,453,1,105,195,50,0
1,454,1,105,195,50,0
1,457,1,42,78,50,0
1,492,1,70,130,50,0
1,494,1,70,130,50,0
1,499,0,1200,2220,50,0
1,507,1,210,390,50,0
1,508,1,210,390,50,0
1,509,1,210,390,50,0
1,550,1,210,390,50,0
1,551,1,210,390,50,0
1,552,1,210,390,50,0
1,571,0,1600,2970,50,0
1,572,0,1600,2970,50,0
1,573,0,1600,2970,50,0
1,592,1,546,1014,50,0
1,593,1,546,1014,50,0
1,594,1,546,1014,50,0
1,616,1,546,1014,50,0
1,617,1,546,1014,50,0
1,618,1,546,1014,50,0
1,637,1,686,1274,50,0
1,638,1,686,1274,50,0
1,639,1,686,1274,50,0
2,-1911,1,400,690,100,1
2,-1910,1,400,690,100,1
2,-1909,1,400,690,100,1
2,-1908,1,400,690,100,1
2,-1847,0,360,720,100,1
2,-1846,0,360,720,100,1
2,-1845,0,360,720,100,1
2,-1844,0,360,720,100,1
2,58,1,28,52,50,0
2,223,0,800,1480,50,0
2,238,0,290,350,50,0
2,246,1,42,78,50,0
2,253,1,28,52,50,0
2,258,1,28,52,50,0
2,275,1,42,78,50,0
2,285,1,42,78,50,0
2,288,0,1100,2040,50,0
2,302,1,28,52,50,0
2,304,1,175,325,50,0
2,305,1,70,130,50,0
2,306,1,70,130,50,0
2,314,1,42,78,50,0
2,330,0,1100,2040,50,0
2,357,1,175,325,50,0
2,363,1,105,195,50,0
2,381,1,105,195,50,0
2,422,0,1100,2040,50,0
2,427,1,105,195,50,0
2,439,0,1100,2040,50,0
2,449,1,105,195,50,0
2,456,1,28,52,50,0
2,459,1,140,260,50,0
2,484,1,140,260,50,0
2,485,0,1100,2040,50,0
2,507,0,1950,3620,50,0
2,508,0,1950,3620,50,0
2,509,0,1950,3620,50,0
2,510,1,140,260,50,0
2,511,1,140,260,50,0
2,512,1,140,260,50,0
2,532,1,140,260,50,0
2,533,1,140,260,50,0
2,534,1,140,260,50,0
2,553,1,686,1274,50,0
2,554,1,686,1274,50,0
2,555,1,686,1274,50,0
2,574,1,546,1014,50,0
2,575,1,546,1014,50,0
2,576,1,546,1014,50,0
2,595,1,546,1014,50,0
2,596,1,546,1014,50,0
2,597,1,546,1014,50,0
2,619,1,546,1014,50,0
2,620,1,546,1014,50,0
2,621,1,546,1014,50,0
2,643,1,686,1274,50,0
2,644,1,686,1274,50,0
2,645,1,686,1274,50,0
3,-1911,1,400,690,100,1
3,-1910,1,400,690,100,1
3,-1909,1,400,690,100,1
3,-1908,1,400,690,100,1
3,-1847,0,360,720,100,1
3,-1846,0,360,720,100,1
3,-1845,0,360,720,100,1
3,-1844,0,360,720,100,1
3,60,1,42,78,50,0
3,65,1,42,78,50,0
3,205,0,850,1570,50,0
3,230,1,140,260,50,0
3,234,0,1400,2600,50,0
3,240,0,450,580,50,0
3,266,1,70,130,50,0
3,289,0,1100,2040,50,0
3,296,0,850,1570,50,0
3,308,1,28,52,50,0
3,311,1,28,52,50,0
3,312,1,28,52,50,0
3,315,1,42,78,50,0
3,339,0,850,1570,50,0
3,355,1,105,195,50,0
3,374,1,42,78,50,0
3,379,1,70,130,50,0
3,382,1,42,78,50,0
3,400,1,42,78,50,0
3,431,1,56,104,50,0
3,451,1,42,78,50,0
3,473,1,140,260,50,0
3,497,1,140,260,50,0
3,500,0,1200,2220,50,0
3,513,1,140,260,50,0
3,514,1,140,260,50,0
3,515,1,140,260,50,0
3,556,1,406,754,50,0
3,557,1,406,754,50,0
3,558,1,406,754,50,0
3,559,0,2200,4000,50,0
3,560,0,2200,4000,50,0
3,561,0,2200,4000,50,0
3,577,1,266,494,50,0
3,578,1,266,494,50,0
3,579,1,266,494,50,0
3,599,1,546,1014,50,0
3,600,1,546,1014,50,0
3,601,1,546,1014,50,0
3,622,1,546,1014,50,0
3,623,1,546,1014,50,0
3,624,1,546,1014,50,0
3,646,1,546,1014,50,0
3,647,1,546,1014,50,0
3,648,1,546,1014,50,0
4,-1911,1,400,690,100,1
4,-1910,1,400,690,100,1
4,-1909,1,400,690,100,1
4,-1908,1,400,690,100,1
4,-1847,0,360,720,100,1
4,-1846,0,360,720,100,1
4,-1845,0,360,720,100,1
4,-1844,0,360,720,100,1
4,204,0,1621,1756,50,0
4,206,0,850,1570,50,0
4,239,0,290,350,50,0
4,251,1,42,78,50,0
4,254,1,28,52,50,0
4,267,1,70,130,50,0
4,286,1,28,52,50,0
4,301,0,800,1480,50,0
4,322,1,140,260,50,0
4,325,1,70,130,50,0
4,333,1,42,78,50,0
4,336,1,105,195,50,0
4,338,1,105,195,50,0
4,344,1,42,78,50,0
4,345,1,42,78,50,0
4,410,0,1000,1850,50,0
4,411,0,1000,1850,50,0
4,412,0,1000,1850,50,0
4,415,1,175,325,50,0
4,432,1,56,104,50,0
4,433,1,210,390,50,0
4,455,1,105,195,50,0
4,460,1,140,260,50,0
4,466,1,210,390,50,0
4,483,1,140,260,50,0
4,496,1,140,260,50,0
4,516,1,175,325,50,0
4,517,1,175,325,50,0
4,518,1,175,325,50,0
4,519,1,175,325,50,0
4,538,0,1900,3520,50,0
4,539,0,1900,3520,50,0
4,540,0,1900,3520,50,0
4,580,1,546,1014,50,0
4,581,1,546,1014,50,0
4,582,1,546,1014,50,0
4,602,1,686,1274,50,0
4,603,1,686,1274,50,0
4,604,1,686,1274,50,0
4,625,1,546,1014,50,0
4,626,1,546,1014,50,0
4,627,1,546,1014,50,0
5,-1911,1,400,690,100,1
5,-1910,1,400,690,100,1
5,-1909,1,400,690,100,1
5,-1908,1,400,690,100,1
5,-1847,0,360,720,100,1
5,-1846,0,360,720,100,1
5,-1845,0,360,720,100,1
5,-1844,0,360,720,100,1
5,59,1,42,78,50,0
5,242,1,70,130,50,0
5,248,0,199,235,50,0
5,249,0,170,200,50,0
5,268,1,70,130,50,0
5,269,1,42,78,50,0
5,277,1,42,78,50,0
5,280,0,800,1480,50,0
5,291,1,70,130,50,0
5,297,1,70,130,50,0
5,299,1,70,130,50,0
5,309,1,70,130,50,0
5,320,1,70,130,50,0
5,335,1,210,390,50,0
5,375,1,42,78,50,0
5,383,1,140,260,50,0
5,397,0,1100,2040,50,0
5,413,1,105,195,50,0
5,420,0,1050,1950,50,0
5,430,1,56,104,50,0
5,470,0,1200,2220,50,0
5,490,1,140,260,50,0
5,495,1,140,260,50,0
5,498,0,1200,2220,50,0
5,510,1,140,260,50,0
5,520,1,140,260,50,0
5,521,1,140,260,50,0
5,522,1,140,260,50,0
5,535,0,2100,3900,50,0
5,536,0,2100,3900,50,0
5,537,0,2100,3900,50,0
5,541,1,210,390,50,0
5,542,1,210,390,50,0
5,543,1,210,390,50,0
5,562,1,406,754,50,0
5,563,1,406,754,50,0
5,564,1,406,754,50,0
5,583,1,210,390,50,0
5,584,1,210,390,50,0
5,585,1,210,390,50,0
5,598,1,406,754,50,0
5,605,1,406,754,50,0
5,606,1,406,754,50,0
5,628,1,686,1274,50,0
5,629,1,686,1274,50,0
5,630,1,686,1274,50,0
6,-1911,1,400,690,100,1
6,-1910,1,400,690,100,1
6,-1909,1,400,690,100,1
6,-1908,1,400,690,100,1
6,-1847,0,360,720,100,1
6,-1846,0,360,720,100,1
6,-1845,0,360,720,100,1
6,-1844,0,360,720,100,1
6,63,1,42,78,50,0
6,221,0,800,1480,50,0
6,227,0,1891,2049,50,0
6,228,0,1000,1850,50,0
6,231,1,140,260,50,0
6,235,0,1400,2600,50,0
6,252,1,28,52,50,0
6,270,1,42,78,50,0
6,272,0,750,1390,50,0
6,279,0,800,1480,50,0
6,294,1,70,130,50,0
6,303,1,42,78,50,0
6,326,1,70,130,50,0
6,341,0,850,1570,50,0
6,354,1,140,260,50,0
6,356,1,42,78,50,0
6,380,1,105,195,50,0
6,421,0,1050,1950,50,0
6,426,1,175,325,50,0
6,443,1,140,260,50,0
6,444,1,140,260,50,0
6,458,1,140,260,50,0
6,474,1,140,260,50,0
6,482,1,140,260,50,0
6,487,0,1100,2040,50,0
6,491,1,140,260,50,0
6,493,1,70,130,50,0
6,523,1,210,390,50,0
6,524,1,210,390,50,0
6,525,1,210,390,50,0
6,544,1,266,494,50,0
6,545,1,266,494,50,0
6,546,1,266,494,50,0
6,565,1,266,494,50,0
6,566,1,266,494,50,0
6,567,1,266,494,50,0
6,586,1,686,1274,50,0
6,587,1,686,1274,50,0
6,588,1,686,1274,50,0
6,607,1,686,1274,50,0
6,608,1,686,1274,50,0
6,609,1,686,1274,50,0
6,631,1,686,1274,50,0
6,632,1,686,1274,50,0
6,633,1,686,1274,50,0
7,-1911,1,400,690,100,1
7,-1910,1,400,690,100,1
7,-1909,1,400,690,100,1
7,-1908,1,400,690,100,1
7,-1847,0,360,720,100,1
7,-1846,0,360,720,100,1
7,-1845,0,360,720,100,1
7,-1844,0,360,720,100,1
7,64,1,42,78,50,0
7,215,1,42,78,50,0
7,222,0,800,1480,50,0
7,233,0,1400,2600,50,0
7,274,0,800,1480,50,0
7,290,0,1100,2040,50,0
7,292,1,70,130,50,0
7,307,1,70,130,50,0
7,310,1,28,52,50,0
7,317,1,70,130,50,0
7,318,1,70,130,50,0
7,321,1,70,130,50,0
7,329,0,1100,2040,50,0
7,332,1,28,52,50,0
7,337,1,105,195,50,0
7,340,0,850,1570,50,0
7,370,1,140,260,50,0
7,371,1,140,260,50,0
7,372,1,140,260,50,0
7,373,1,42,78,50,0
7,429,1,210,390,50,0
7,442,1,140,260,50,0
7,465,1,210,390,50,0
7,469,0,1200,2220,50,0
7,471,0,1200,2220,50,0
7,472,1,140,260,50,0
7,486,0,1100,2040,50,0
7,489,1,140,260,50,0
7,501,1,42,78,50,0
7,526,1,140,260,50,0
7,527,1,140,260,50,0
7,528,1,140,260,50,0
7,529,0,1800,3340,50,0
7,530,0,1800,3340,50,0
7,531,0,1800,3340,50,0
7,547,1,406,754,50,0
7,548,1,406,754,50,0
7,549,1,406,754,50,0
7,568,1,546,1014,50,0
7,569,1,546,1014,50,0
7,570,1,546,1014,50,0
7,589,1,406,754,50,0
7,590,1,406,754,50,0
7,591,1,406,754,50,0
7,610,1,546,1014,50,0
7,611,1,546,1014,50,0
7,612,1,546,1014,50,0
7,634,1,686,1274,50,0
7,635,1,686,1274,50,0
7,636,1,686,1274,50,0
